"State","Date","Day","Confirmed","Deaths","Recovered","Active.Cases","Closed.Cases","Death.Rate"
"Andaman and Nicobar Islands","30/01/2020",1,0,0,0,0,0,0
"Andaman and Nicobar Islands","31/01/2020",2,0,0,0,0,0,0
"Andaman and Nicobar Islands","01/02/2020",3,0,0,0,0,0,0
"Andaman and Nicobar Islands","02/02/2020",4,0,0,0,0,0,0
"Andaman and Nicobar Islands","03/02/2020",5,0,0,0,0,0,0
"Andaman and Nicobar Islands","04/02/2020",6,0,0,0,0,0,0
"Andaman and Nicobar Islands","05/02/2020",7,0,0,0,0,0,0
"Andaman and Nicobar Islands","06/02/2020",8,0,0,0,0,0,0
"Andaman and Nicobar Islands","07/02/2020",9,0,0,0,0,0,0
"Andaman and Nicobar Islands","08/02/2020",10,0,0,0,0,0,0
"Andaman and Nicobar Islands","09/02/2020",11,0,0,0,0,0,0
"Andaman and Nicobar Islands","10/02/2020",12,0,0,0,0,0,0
"Andaman and Nicobar Islands","11/02/2020",13,0,0,0,0,0,0
"Andaman and Nicobar Islands","12/02/2020",14,0,0,0,0,0,0
"Andaman and Nicobar Islands","13/02/2020",15,0,0,0,0,0,0
"Andaman and Nicobar Islands","14/02/2020",16,0,0,0,0,0,0
"Andaman and Nicobar Islands","15/02/2020",17,0,0,0,0,0,0
"Andaman and Nicobar Islands","16/02/2020",18,0,0,0,0,0,0
"Andaman and Nicobar Islands","17/02/2020",19,0,0,0,0,0,0
"Andaman and Nicobar Islands","18/02/2020",20,0,0,0,0,0,0
"Andaman and Nicobar Islands","19/02/2020",21,0,0,0,0,0,0
"Andaman and Nicobar Islands","20/02/2020",22,0,0,0,0,0,0
"Andaman and Nicobar Islands","21/02/2020",23,0,0,0,0,0,0
"Andaman and Nicobar Islands","22/02/2020",24,0,0,0,0,0,0
"Andaman and Nicobar Islands","23/02/2020",25,0,0,0,0,0,0
"Andaman and Nicobar Islands","24/02/2020",26,0,0,0,0,0,0
"Andaman and Nicobar Islands","25/02/2020",27,0,0,0,0,0,0
"Andaman and Nicobar Islands","26/02/2020",28,0,0,0,0,0,0
"Andaman and Nicobar Islands","27/02/2020",29,0,0,0,0,0,0
"Andaman and Nicobar Islands","28/02/2020",30,0,0,0,0,0,0
"Andaman and Nicobar Islands","29/02/2020",31,0,0,0,0,0,0
"Andaman and Nicobar Islands","01/03/2020",32,0,0,0,0,0,0
"Andaman and Nicobar Islands","02/03/2020",33,0,0,0,0,0,0
"Andaman and Nicobar Islands","03/03/2020",34,0,0,0,0,0,0
"Andaman and Nicobar Islands","04/03/2020",35,0,0,0,0,0,0
"Andaman and Nicobar Islands","05/03/2020",36,0,0,0,0,0,0
"Andaman and Nicobar Islands","06/03/2020",37,0,0,0,0,0,0
"Andaman and Nicobar Islands","07/03/2020",38,0,0,0,0,0,0
"Andaman and Nicobar Islands","08/03/2020",39,0,0,0,0,0,0
"Andaman and Nicobar Islands","09/03/2020",40,0,0,0,0,0,0
"Andaman and Nicobar Islands","10/03/2020",41,0,0,0,0,0,0
"Andaman and Nicobar Islands","11/03/2020",42,0,0,0,0,0,0
"Andaman and Nicobar Islands","12/03/2020",43,0,0,0,0,0,0
"Andaman and Nicobar Islands","13/03/2020",44,0,0,0,0,0,0
"Andaman and Nicobar Islands","14/03/2020",45,0,0,0,0,0,0
"Andaman and Nicobar Islands","15/03/2020",46,0,0,0,0,0,0
"Andaman and Nicobar Islands","16/03/2020",47,0,0,0,0,0,0
"Andaman and Nicobar Islands","17/03/2020",48,0,0,0,0,0,0
"Andaman and Nicobar Islands","18/03/2020",49,0,0,0,0,0,0
"Andaman and Nicobar Islands","19/03/2020",50,0,0,0,0,0,0
"Andaman and Nicobar Islands","20/03/2020",51,0,0,0,0,0,0
"Andaman and Nicobar Islands","21/03/2020",52,0,0,0,0,0,0
"Andaman and Nicobar Islands","22/03/2020",53,0,0,0,0,0,0
"Andaman and Nicobar Islands","23/03/2020",54,0,0,0,0,0,0
"Andaman and Nicobar Islands","24/03/2020",55,0,0,0,0,0,0
"Andaman and Nicobar Islands","25/03/2020",56,0,0,0,0,0,0
"Andaman and Nicobar Islands","26/03/2020",57,1,0,0,1,0,0
"Andaman and Nicobar Islands","27/03/2020",58,1,0,0,1,0,0
"Andaman and Nicobar Islands","28/03/2020",59,6,0,0,6,0,0
"Andaman and Nicobar Islands","29/03/2020",60,9,0,0,9,0,0
"Andaman and Nicobar Islands","30/03/2020",61,9,0,0,9,0,0
"Andaman and Nicobar Islands","31/03/2020",62,10,0,0,10,0,0
"Andaman and Nicobar Islands","01/04/2020",63,10,0,0,10,0,0
"Andaman and Nicobar Islands","02/04/2020",64,10,0,0,10,0,0
"Andaman and Nicobar Islands","03/04/2020",65,10,0,0,10,0,0
"Andaman and Nicobar Islands","04/04/2020",66,10,0,0,10,0,0
"Andaman and Nicobar Islands","05/04/2020",67,10,0,0,10,0,0
"Andaman and Nicobar Islands","06/04/2020",68,10,0,0,10,0,0
"Andaman and Nicobar Islands","07/04/2020",69,10,0,0,10,0,0
"Andaman and Nicobar Islands","08/04/2020",70,10,0,0,10,0,0
"Andhra Pradesh","30/01/2020",1,0,0,0,0,0,0
"Andhra Pradesh","31/01/2020",2,0,0,0,0,0,0
"Andhra Pradesh","01/02/2020",3,0,0,0,0,0,0
"Andhra Pradesh","02/02/2020",4,0,0,0,0,0,0
"Andhra Pradesh","03/02/2020",5,0,0,0,0,0,0
"Andhra Pradesh","04/02/2020",6,0,0,0,0,0,0
"Andhra Pradesh","05/02/2020",7,0,0,0,0,0,0
"Andhra Pradesh","06/02/2020",8,0,0,0,0,0,0
"Andhra Pradesh","07/02/2020",9,0,0,0,0,0,0
"Andhra Pradesh","08/02/2020",10,0,0,0,0,0,0
"Andhra Pradesh","09/02/2020",11,0,0,0,0,0,0
"Andhra Pradesh","10/02/2020",12,0,0,0,0,0,0
"Andhra Pradesh","11/02/2020",13,0,0,0,0,0,0
"Andhra Pradesh","12/02/2020",14,0,0,0,0,0,0
"Andhra Pradesh","13/02/2020",15,0,0,0,0,0,0
"Andhra Pradesh","14/02/2020",16,0,0,0,0,0,0
"Andhra Pradesh","15/02/2020",17,0,0,0,0,0,0
"Andhra Pradesh","16/02/2020",18,0,0,0,0,0,0
"Andhra Pradesh","17/02/2020",19,0,0,0,0,0,0
"Andhra Pradesh","18/02/2020",20,0,0,0,0,0,0
"Andhra Pradesh","19/02/2020",21,0,0,0,0,0,0
"Andhra Pradesh","20/02/2020",22,0,0,0,0,0,0
"Andhra Pradesh","21/02/2020",23,0,0,0,0,0,0
"Andhra Pradesh","22/02/2020",24,0,0,0,0,0,0
"Andhra Pradesh","23/02/2020",25,0,0,0,0,0,0
"Andhra Pradesh","24/02/2020",26,0,0,0,0,0,0
"Andhra Pradesh","25/02/2020",27,0,0,0,0,0,0
"Andhra Pradesh","26/02/2020",28,0,0,0,0,0,0
"Andhra Pradesh","27/02/2020",29,0,0,0,0,0,0
"Andhra Pradesh","28/02/2020",30,0,0,0,0,0,0
"Andhra Pradesh","29/02/2020",31,0,0,0,0,0,0
"Andhra Pradesh","01/03/2020",32,0,0,0,0,0,0
"Andhra Pradesh","02/03/2020",33,0,0,0,0,0,0
"Andhra Pradesh","03/03/2020",34,0,0,0,0,0,0
"Andhra Pradesh","04/03/2020",35,0,0,0,0,0,0
"Andhra Pradesh","05/03/2020",36,0,0,0,0,0,0
"Andhra Pradesh","06/03/2020",37,0,0,0,0,0,0
"Andhra Pradesh","07/03/2020",38,0,0,0,0,0,0
"Andhra Pradesh","08/03/2020",39,0,0,0,0,0,0
"Andhra Pradesh","09/03/2020",40,0,0,0,0,0,0
"Andhra Pradesh","10/03/2020",41,0,0,0,0,0,0
"Andhra Pradesh","11/03/2020",42,0,0,0,0,0,0
"Andhra Pradesh","12/03/2020",43,1,0,0,1,0,0
"Andhra Pradesh","13/03/2020",44,1,0,0,1,0,0
"Andhra Pradesh","14/03/2020",45,1,0,0,1,0,0
"Andhra Pradesh","15/03/2020",46,1,0,0,1,0,0
"Andhra Pradesh","16/03/2020",47,1,0,0,1,0,0
"Andhra Pradesh","17/03/2020",48,1,0,0,1,0,0
"Andhra Pradesh","18/03/2020",49,1,0,0,1,0,0
"Andhra Pradesh","19/03/2020",50,2,0,0,2,0,0
"Andhra Pradesh","20/03/2020",51,3,0,0,3,0,0
"Andhra Pradesh","21/03/2020",52,3,0,0,3,0,0
"Andhra Pradesh","22/03/2020",53,5,0,0,5,0,0
"Andhra Pradesh","23/03/2020",54,7,0,0,7,0,0
"Andhra Pradesh","24/03/2020",55,8,0,0,8,0,0
"Andhra Pradesh","25/03/2020",56,9,0,1,8,1,0
"Andhra Pradesh","26/03/2020",57,11,0,1,10,1,0
"Andhra Pradesh","27/03/2020",58,12,0,1,11,1,0
"Andhra Pradesh","28/03/2020",59,14,0,1,13,1,0
"Andhra Pradesh","29/03/2020",60,19,0,1,18,1,0
"Andhra Pradesh","30/03/2020",61,23,0,1,22,1,0
"Andhra Pradesh","31/03/2020",62,40,0,1,39,1,0
"Andhra Pradesh","01/04/2020",63,83,0,1,82,1,0
"Andhra Pradesh","02/04/2020",64,86,1,1,84,2,1.16
"Andhra Pradesh","03/04/2020",65,132,1,1,130,2,0.76
"Andhra Pradesh","04/04/2020",66,161,1,1,159,2,0.62
"Andhra Pradesh","05/04/2020",67,190,1,1,188,2,0.53
"Andhra Pradesh","06/04/2020",68,226,3,1,222,4,1.33
"Andhra Pradesh","07/04/2020",69,266,3,1,262,4,1.13
"Andhra Pradesh","08/04/2020",70,305,4,1,300,5,1.31
"Arunachal Pradesh","30/01/2020",1,0,0,0,0,0,0
"Arunachal Pradesh","31/01/2020",2,0,0,0,0,0,0
"Arunachal Pradesh","01/02/2020",3,0,0,0,0,0,0
"Arunachal Pradesh","02/02/2020",4,0,0,0,0,0,0
"Arunachal Pradesh","03/02/2020",5,0,0,0,0,0,0
"Arunachal Pradesh","04/02/2020",6,0,0,0,0,0,0
"Arunachal Pradesh","05/02/2020",7,0,0,0,0,0,0
"Arunachal Pradesh","06/02/2020",8,0,0,0,0,0,0
"Arunachal Pradesh","07/02/2020",9,0,0,0,0,0,0
"Arunachal Pradesh","08/02/2020",10,0,0,0,0,0,0
"Arunachal Pradesh","09/02/2020",11,0,0,0,0,0,0
"Arunachal Pradesh","10/02/2020",12,0,0,0,0,0,0
"Arunachal Pradesh","11/02/2020",13,0,0,0,0,0,0
"Arunachal Pradesh","12/02/2020",14,0,0,0,0,0,0
"Arunachal Pradesh","13/02/2020",15,0,0,0,0,0,0
"Arunachal Pradesh","14/02/2020",16,0,0,0,0,0,0
"Arunachal Pradesh","15/02/2020",17,0,0,0,0,0,0
"Arunachal Pradesh","16/02/2020",18,0,0,0,0,0,0
"Arunachal Pradesh","17/02/2020",19,0,0,0,0,0,0
"Arunachal Pradesh","18/02/2020",20,0,0,0,0,0,0
"Arunachal Pradesh","19/02/2020",21,0,0,0,0,0,0
"Arunachal Pradesh","20/02/2020",22,0,0,0,0,0,0
"Arunachal Pradesh","21/02/2020",23,0,0,0,0,0,0
"Arunachal Pradesh","22/02/2020",24,0,0,0,0,0,0
"Arunachal Pradesh","23/02/2020",25,0,0,0,0,0,0
"Arunachal Pradesh","24/02/2020",26,0,0,0,0,0,0
"Arunachal Pradesh","25/02/2020",27,0,0,0,0,0,0
"Arunachal Pradesh","26/02/2020",28,0,0,0,0,0,0
"Arunachal Pradesh","27/02/2020",29,0,0,0,0,0,0
"Arunachal Pradesh","28/02/2020",30,0,0,0,0,0,0
"Arunachal Pradesh","29/02/2020",31,0,0,0,0,0,0
"Arunachal Pradesh","01/03/2020",32,0,0,0,0,0,0
"Arunachal Pradesh","02/03/2020",33,0,0,0,0,0,0
"Arunachal Pradesh","03/03/2020",34,0,0,0,0,0,0
"Arunachal Pradesh","04/03/2020",35,0,0,0,0,0,0
"Arunachal Pradesh","05/03/2020",36,0,0,0,0,0,0
"Arunachal Pradesh","06/03/2020",37,0,0,0,0,0,0
"Arunachal Pradesh","07/03/2020",38,0,0,0,0,0,0
"Arunachal Pradesh","08/03/2020",39,0,0,0,0,0,0
"Arunachal Pradesh","09/03/2020",40,0,0,0,0,0,0
"Arunachal Pradesh","10/03/2020",41,0,0,0,0,0,0
"Arunachal Pradesh","11/03/2020",42,0,0,0,0,0,0
"Arunachal Pradesh","12/03/2020",43,0,0,0,0,0,0
"Arunachal Pradesh","13/03/2020",44,0,0,0,0,0,0
"Arunachal Pradesh","14/03/2020",45,0,0,0,0,0,0
"Arunachal Pradesh","15/03/2020",46,0,0,0,0,0,0
"Arunachal Pradesh","16/03/2020",47,0,0,0,0,0,0
"Arunachal Pradesh","17/03/2020",48,0,0,0,0,0,0
"Arunachal Pradesh","18/03/2020",49,0,0,0,0,0,0
"Arunachal Pradesh","19/03/2020",50,0,0,0,0,0,0
"Arunachal Pradesh","20/03/2020",51,0,0,0,0,0,0
"Arunachal Pradesh","21/03/2020",52,0,0,0,0,0,0
"Arunachal Pradesh","22/03/2020",53,0,0,0,0,0,0
"Arunachal Pradesh","23/03/2020",54,0,0,0,0,0,0
"Arunachal Pradesh","24/03/2020",55,0,0,0,0,0,0
"Arunachal Pradesh","25/03/2020",56,0,0,0,0,0,0
"Arunachal Pradesh","26/03/2020",57,0,0,0,0,0,0
"Arunachal Pradesh","27/03/2020",58,0,0,0,0,0,0
"Arunachal Pradesh","28/03/2020",59,0,0,0,0,0,0
"Arunachal Pradesh","29/03/2020",60,0,0,0,0,0,0
"Arunachal Pradesh","30/03/2020",61,0,0,0,0,0,0
"Arunachal Pradesh","31/03/2020",62,0,0,0,0,0,0
"Arunachal Pradesh","01/04/2020",63,0,0,0,0,0,0
"Arunachal Pradesh","02/04/2020",64,0,0,0,0,0,0
"Arunachal Pradesh","03/04/2020",65,1,0,0,1,0,0
"Arunachal Pradesh","04/04/2020",66,1,0,0,1,0,0
"Arunachal Pradesh","05/04/2020",67,1,0,0,1,0,0
"Arunachal Pradesh","06/04/2020",68,1,0,0,1,0,0
"Arunachal Pradesh","07/04/2020",69,1,0,0,1,0,0
"Arunachal Pradesh","08/04/2020",70,1,0,0,1,0,0
"Assam","30/01/2020",1,0,0,0,0,0,0
"Assam","31/01/2020",2,0,0,0,0,0,0
"Assam","01/02/2020",3,0,0,0,0,0,0
"Assam","02/02/2020",4,0,0,0,0,0,0
"Assam","03/02/2020",5,0,0,0,0,0,0
"Assam","04/02/2020",6,0,0,0,0,0,0
"Assam","05/02/2020",7,0,0,0,0,0,0
"Assam","06/02/2020",8,0,0,0,0,0,0
"Assam","07/02/2020",9,0,0,0,0,0,0
"Assam","08/02/2020",10,0,0,0,0,0,0
"Assam","09/02/2020",11,0,0,0,0,0,0
"Assam","10/02/2020",12,0,0,0,0,0,0
"Assam","11/02/2020",13,0,0,0,0,0,0
"Assam","12/02/2020",14,0,0,0,0,0,0
"Assam","13/02/2020",15,0,0,0,0,0,0
"Assam","14/02/2020",16,0,0,0,0,0,0
"Assam","15/02/2020",17,0,0,0,0,0,0
"Assam","16/02/2020",18,0,0,0,0,0,0
"Assam","17/02/2020",19,0,0,0,0,0,0
"Assam","18/02/2020",20,0,0,0,0,0,0
"Assam","19/02/2020",21,0,0,0,0,0,0
"Assam","20/02/2020",22,0,0,0,0,0,0
"Assam","21/02/2020",23,0,0,0,0,0,0
"Assam","22/02/2020",24,0,0,0,0,0,0
"Assam","23/02/2020",25,0,0,0,0,0,0
"Assam","24/02/2020",26,0,0,0,0,0,0
"Assam","25/02/2020",27,0,0,0,0,0,0
"Assam","26/02/2020",28,0,0,0,0,0,0
"Assam","27/02/2020",29,0,0,0,0,0,0
"Assam","28/02/2020",30,0,0,0,0,0,0
"Assam","29/02/2020",31,0,0,0,0,0,0
"Assam","01/03/2020",32,0,0,0,0,0,0
"Assam","02/03/2020",33,0,0,0,0,0,0
"Assam","03/03/2020",34,0,0,0,0,0,0
"Assam","04/03/2020",35,0,0,0,0,0,0
"Assam","05/03/2020",36,0,0,0,0,0,0
"Assam","06/03/2020",37,0,0,0,0,0,0
"Assam","07/03/2020",38,0,0,0,0,0,0
"Assam","08/03/2020",39,0,0,0,0,0,0
"Assam","09/03/2020",40,0,0,0,0,0,0
"Assam","10/03/2020",41,0,0,0,0,0,0
"Assam","11/03/2020",42,0,0,0,0,0,0
"Assam","12/03/2020",43,0,0,0,0,0,0
"Assam","13/03/2020",44,0,0,0,0,0,0
"Assam","14/03/2020",45,0,0,0,0,0,0
"Assam","15/03/2020",46,0,0,0,0,0,0
"Assam","16/03/2020",47,0,0,0,0,0,0
"Assam","17/03/2020",48,0,0,0,0,0,0
"Assam","18/03/2020",49,0,0,0,0,0,0
"Assam","19/03/2020",50,0,0,0,0,0,0
"Assam","20/03/2020",51,0,0,0,0,0,0
"Assam","21/03/2020",52,0,0,0,0,0,0
"Assam","22/03/2020",53,0,0,0,0,0,0
"Assam","23/03/2020",54,0,0,0,0,0,0
"Assam","24/03/2020",55,0,0,0,0,0,0
"Assam","25/03/2020",56,0,0,0,0,0,0
"Assam","26/03/2020",57,0,0,0,0,0,0
"Assam","27/03/2020",58,0,0,0,0,0,0
"Assam","28/03/2020",59,0,0,0,0,0,0
"Assam","29/03/2020",60,0,0,0,0,0,0
"Assam","30/03/2020",61,0,0,0,0,0,0
"Assam","31/03/2020",62,0,0,0,0,0,0
"Assam","01/04/2020",63,1,0,0,1,0,0
"Assam","02/04/2020",64,5,0,0,5,0,0
"Assam","03/04/2020",65,16,0,0,16,0,0
"Assam","04/04/2020",66,24,0,0,24,0,0
"Assam","05/04/2020",67,26,0,0,26,0,0
"Assam","06/04/2020",68,26,0,0,26,0,0
"Assam","07/04/2020",69,26,0,0,26,0,0
"Assam","08/04/2020",70,27,0,0,27,0,0
"Bihar","30/01/2020",1,0,0,0,0,0,0
"Bihar","31/01/2020",2,0,0,0,0,0,0
"Bihar","01/02/2020",3,0,0,0,0,0,0
"Bihar","02/02/2020",4,0,0,0,0,0,0
"Bihar","03/02/2020",5,0,0,0,0,0,0
"Bihar","04/02/2020",6,0,0,0,0,0,0
"Bihar","05/02/2020",7,0,0,0,0,0,0
"Bihar","06/02/2020",8,0,0,0,0,0,0
"Bihar","07/02/2020",9,0,0,0,0,0,0
"Bihar","08/02/2020",10,0,0,0,0,0,0
"Bihar","09/02/2020",11,0,0,0,0,0,0
"Bihar","10/02/2020",12,0,0,0,0,0,0
"Bihar","11/02/2020",13,0,0,0,0,0,0
"Bihar","12/02/2020",14,0,0,0,0,0,0
"Bihar","13/02/2020",15,0,0,0,0,0,0
"Bihar","14/02/2020",16,0,0,0,0,0,0
"Bihar","15/02/2020",17,0,0,0,0,0,0
"Bihar","16/02/2020",18,0,0,0,0,0,0
"Bihar","17/02/2020",19,0,0,0,0,0,0
"Bihar","18/02/2020",20,0,0,0,0,0,0
"Bihar","19/02/2020",21,0,0,0,0,0,0
"Bihar","20/02/2020",22,0,0,0,0,0,0
"Bihar","21/02/2020",23,0,0,0,0,0,0
"Bihar","22/02/2020",24,0,0,0,0,0,0
"Bihar","23/02/2020",25,0,0,0,0,0,0
"Bihar","24/02/2020",26,0,0,0,0,0,0
"Bihar","25/02/2020",27,0,0,0,0,0,0
"Bihar","26/02/2020",28,0,0,0,0,0,0
"Bihar","27/02/2020",29,0,0,0,0,0,0
"Bihar","28/02/2020",30,0,0,0,0,0,0
"Bihar","29/02/2020",31,0,0,0,0,0,0
"Bihar","01/03/2020",32,0,0,0,0,0,0
"Bihar","02/03/2020",33,0,0,0,0,0,0
"Bihar","03/03/2020",34,0,0,0,0,0,0
"Bihar","04/03/2020",35,0,0,0,0,0,0
"Bihar","05/03/2020",36,0,0,0,0,0,0
"Bihar","06/03/2020",37,0,0,0,0,0,0
"Bihar","07/03/2020",38,0,0,0,0,0,0
"Bihar","08/03/2020",39,0,0,0,0,0,0
"Bihar","09/03/2020",40,0,0,0,0,0,0
"Bihar","10/03/2020",41,0,0,0,0,0,0
"Bihar","11/03/2020",42,0,0,0,0,0,0
"Bihar","12/03/2020",43,0,0,0,0,0,0
"Bihar","13/03/2020",44,0,0,0,0,0,0
"Bihar","14/03/2020",45,0,0,0,0,0,0
"Bihar","15/03/2020",46,0,0,0,0,0,0
"Bihar","16/03/2020",47,0,0,0,0,0,0
"Bihar","17/03/2020",48,0,0,0,0,0,0
"Bihar","18/03/2020",49,0,0,0,0,0,0
"Bihar","19/03/2020",50,0,0,0,0,0,0
"Bihar","20/03/2020",51,0,0,0,0,0,0
"Bihar","21/03/2020",52,0,0,0,0,0,0
"Bihar","22/03/2020",53,2,1,0,1,1,50
"Bihar","23/03/2020",54,2,1,0,1,1,50
"Bihar","24/03/2020",55,3,1,0,2,1,33.33
"Bihar","25/03/2020",56,4,1,0,3,1,25
"Bihar","26/03/2020",57,6,1,0,5,1,16.67
"Bihar","27/03/2020",58,6,1,0,5,1,16.67
"Bihar","28/03/2020",59,9,1,0,8,1,11.11
"Bihar","29/03/2020",60,11,1,0,10,1,9.09
"Bihar","30/03/2020",61,15,1,0,14,1,6.67
"Bihar","31/03/2020",62,15,1,0,14,1,6.67
"Bihar","01/04/2020",63,23,1,0,22,1,4.35
"Bihar","02/04/2020",64,24,1,0,23,1,4.17
"Bihar","03/04/2020",65,29,1,0,28,1,3.45
"Bihar","04/04/2020",66,30,1,0,29,1,3.33
"Bihar","05/04/2020",67,30,1,0,29,1,3.33
"Bihar","06/04/2020",68,32,1,0,31,1,3.12
"Bihar","07/04/2020",69,32,1,0,31,1,3.12
"Bihar","08/04/2020",70,38,1,0,37,1,2.63
"Chandigarh","30/01/2020",1,0,0,0,0,0,0
"Chandigarh","31/01/2020",2,0,0,0,0,0,0
"Chandigarh","01/02/2020",3,0,0,0,0,0,0
"Chandigarh","02/02/2020",4,0,0,0,0,0,0
"Chandigarh","03/02/2020",5,0,0,0,0,0,0
"Chandigarh","04/02/2020",6,0,0,0,0,0,0
"Chandigarh","05/02/2020",7,0,0,0,0,0,0
"Chandigarh","06/02/2020",8,0,0,0,0,0,0
"Chandigarh","07/02/2020",9,0,0,0,0,0,0
"Chandigarh","08/02/2020",10,0,0,0,0,0,0
"Chandigarh","09/02/2020",11,0,0,0,0,0,0
"Chandigarh","10/02/2020",12,0,0,0,0,0,0
"Chandigarh","11/02/2020",13,0,0,0,0,0,0
"Chandigarh","12/02/2020",14,0,0,0,0,0,0
"Chandigarh","13/02/2020",15,0,0,0,0,0,0
"Chandigarh","14/02/2020",16,0,0,0,0,0,0
"Chandigarh","15/02/2020",17,0,0,0,0,0,0
"Chandigarh","16/02/2020",18,0,0,0,0,0,0
"Chandigarh","17/02/2020",19,0,0,0,0,0,0
"Chandigarh","18/02/2020",20,0,0,0,0,0,0
"Chandigarh","19/02/2020",21,0,0,0,0,0,0
"Chandigarh","20/02/2020",22,0,0,0,0,0,0
"Chandigarh","21/02/2020",23,0,0,0,0,0,0
"Chandigarh","22/02/2020",24,0,0,0,0,0,0
"Chandigarh","23/02/2020",25,0,0,0,0,0,0
"Chandigarh","24/02/2020",26,0,0,0,0,0,0
"Chandigarh","25/02/2020",27,0,0,0,0,0,0
"Chandigarh","26/02/2020",28,0,0,0,0,0,0
"Chandigarh","27/02/2020",29,0,0,0,0,0,0
"Chandigarh","28/02/2020",30,0,0,0,0,0,0
"Chandigarh","29/02/2020",31,0,0,0,0,0,0
"Chandigarh","01/03/2020",32,0,0,0,0,0,0
"Chandigarh","02/03/2020",33,0,0,0,0,0,0
"Chandigarh","03/03/2020",34,0,0,0,0,0,0
"Chandigarh","04/03/2020",35,0,0,0,0,0,0
"Chandigarh","05/03/2020",36,0,0,0,0,0,0
"Chandigarh","06/03/2020",37,0,0,0,0,0,0
"Chandigarh","07/03/2020",38,0,0,0,0,0,0
"Chandigarh","08/03/2020",39,0,0,0,0,0,0
"Chandigarh","09/03/2020",40,0,0,0,0,0,0
"Chandigarh","10/03/2020",41,0,0,0,0,0,0
"Chandigarh","11/03/2020",42,0,0,0,0,0,0
"Chandigarh","12/03/2020",43,0,0,0,0,0,0
"Chandigarh","13/03/2020",44,0,0,0,0,0,0
"Chandigarh","14/03/2020",45,0,0,0,0,0,0
"Chandigarh","15/03/2020",46,0,0,0,0,0,0
"Chandigarh","16/03/2020",47,0,0,0,0,0,0
"Chandigarh","17/03/2020",48,0,0,0,0,0,0
"Chandigarh","18/03/2020",49,0,0,0,0,0,0
"Chandigarh","19/03/2020",50,1,0,0,1,0,0
"Chandigarh","20/03/2020",51,1,0,0,1,0,0
"Chandigarh","21/03/2020",52,1,0,0,1,0,0
"Chandigarh","22/03/2020",53,5,0,0,5,0,0
"Chandigarh","23/03/2020",54,6,0,0,6,0,0
"Chandigarh","24/03/2020",55,7,0,0,7,0,0
"Chandigarh","25/03/2020",56,7,0,0,7,0,0
"Chandigarh","26/03/2020",57,7,0,0,7,0,0
"Chandigarh","27/03/2020",58,7,0,0,7,0,0
"Chandigarh","28/03/2020",59,8,0,0,8,0,0
"Chandigarh","29/03/2020",60,8,0,0,8,0,0
"Chandigarh","30/03/2020",61,8,0,0,8,0,0
"Chandigarh","31/03/2020",62,13,0,0,13,0,0
"Chandigarh","01/04/2020",63,16,0,0,16,0,0
"Chandigarh","02/04/2020",64,16,0,0,16,0,0
"Chandigarh","03/04/2020",65,18,0,0,18,0,0
"Chandigarh","04/04/2020",66,18,0,0,18,0,0
"Chandigarh","05/04/2020",67,18,0,0,18,0,0
"Chandigarh","06/04/2020",68,18,0,0,18,0,0
"Chandigarh","07/04/2020",69,18,0,7,11,7,0
"Chandigarh","08/04/2020",70,18,0,7,11,7,0
"Chhattisgarh","30/01/2020",1,0,0,0,0,0,0
"Chhattisgarh","31/01/2020",2,0,0,0,0,0,0
"Chhattisgarh","01/02/2020",3,0,0,0,0,0,0
"Chhattisgarh","02/02/2020",4,0,0,0,0,0,0
"Chhattisgarh","03/02/2020",5,0,0,0,0,0,0
"Chhattisgarh","04/02/2020",6,0,0,0,0,0,0
"Chhattisgarh","05/02/2020",7,0,0,0,0,0,0
"Chhattisgarh","06/02/2020",8,0,0,0,0,0,0
"Chhattisgarh","07/02/2020",9,0,0,0,0,0,0
"Chhattisgarh","08/02/2020",10,0,0,0,0,0,0
"Chhattisgarh","09/02/2020",11,0,0,0,0,0,0
"Chhattisgarh","10/02/2020",12,0,0,0,0,0,0
"Chhattisgarh","11/02/2020",13,0,0,0,0,0,0
"Chhattisgarh","12/02/2020",14,0,0,0,0,0,0
"Chhattisgarh","13/02/2020",15,0,0,0,0,0,0
"Chhattisgarh","14/02/2020",16,0,0,0,0,0,0
"Chhattisgarh","15/02/2020",17,0,0,0,0,0,0
"Chhattisgarh","16/02/2020",18,0,0,0,0,0,0
"Chhattisgarh","17/02/2020",19,0,0,0,0,0,0
"Chhattisgarh","18/02/2020",20,0,0,0,0,0,0
"Chhattisgarh","19/02/2020",21,0,0,0,0,0,0
"Chhattisgarh","20/02/2020",22,0,0,0,0,0,0
"Chhattisgarh","21/02/2020",23,0,0,0,0,0,0
"Chhattisgarh","22/02/2020",24,0,0,0,0,0,0
"Chhattisgarh","23/02/2020",25,0,0,0,0,0,0
"Chhattisgarh","24/02/2020",26,0,0,0,0,0,0
"Chhattisgarh","25/02/2020",27,0,0,0,0,0,0
"Chhattisgarh","26/02/2020",28,0,0,0,0,0,0
"Chhattisgarh","27/02/2020",29,0,0,0,0,0,0
"Chhattisgarh","28/02/2020",30,0,0,0,0,0,0
"Chhattisgarh","29/02/2020",31,0,0,0,0,0,0
"Chhattisgarh","01/03/2020",32,0,0,0,0,0,0
"Chhattisgarh","02/03/2020",33,0,0,0,0,0,0
"Chhattisgarh","03/03/2020",34,0,0,0,0,0,0
"Chhattisgarh","04/03/2020",35,0,0,0,0,0,0
"Chhattisgarh","05/03/2020",36,0,0,0,0,0,0
"Chhattisgarh","06/03/2020",37,0,0,0,0,0,0
"Chhattisgarh","07/03/2020",38,0,0,0,0,0,0
"Chhattisgarh","08/03/2020",39,0,0,0,0,0,0
"Chhattisgarh","09/03/2020",40,0,0,0,0,0,0
"Chhattisgarh","10/03/2020",41,0,0,0,0,0,0
"Chhattisgarh","11/03/2020",42,0,0,0,0,0,0
"Chhattisgarh","12/03/2020",43,0,0,0,0,0,0
"Chhattisgarh","13/03/2020",44,0,0,0,0,0,0
"Chhattisgarh","14/03/2020",45,0,0,0,0,0,0
"Chhattisgarh","15/03/2020",46,0,0,0,0,0,0
"Chhattisgarh","16/03/2020",47,0,0,0,0,0,0
"Chhattisgarh","17/03/2020",48,0,0,0,0,0,0
"Chhattisgarh","18/03/2020",49,0,0,0,0,0,0
"Chhattisgarh","19/03/2020",50,1,0,0,1,0,0
"Chhattisgarh","20/03/2020",51,1,0,0,1,0,0
"Chhattisgarh","21/03/2020",52,1,0,0,1,0,0
"Chhattisgarh","22/03/2020",53,1,0,0,1,0,0
"Chhattisgarh","23/03/2020",54,1,0,0,1,0,0
"Chhattisgarh","24/03/2020",55,1,0,0,1,0,0
"Chhattisgarh","25/03/2020",56,1,0,0,1,0,0
"Chhattisgarh","26/03/2020",57,6,0,0,6,0,0
"Chhattisgarh","27/03/2020",58,6,0,0,6,0,0
"Chhattisgarh","28/03/2020",59,6,0,0,6,0,0
"Chhattisgarh","29/03/2020",60,7,0,0,7,0,0
"Chhattisgarh","30/03/2020",61,7,0,0,7,0,0
"Chhattisgarh","31/03/2020",62,8,0,0,8,0,0
"Chhattisgarh","01/04/2020",63,9,0,2,7,2,0
"Chhattisgarh","02/04/2020",64,9,0,2,7,2,0
"Chhattisgarh","03/04/2020",65,9,0,3,6,3,0
"Chhattisgarh","04/04/2020",66,9,0,3,6,3,0
"Chhattisgarh","05/04/2020",67,9,0,3,6,3,0
"Chhattisgarh","06/04/2020",68,10,0,8,2,8,0
"Chhattisgarh","07/04/2020",69,10,0,9,1,9,0
"Chhattisgarh","08/04/2020",70,10,0,9,1,9,0
"Delhi","30/01/2020",1,0,0,0,0,0,0
"Delhi","31/01/2020",2,0,0,0,0,0,0
"Delhi","01/02/2020",3,0,0,0,0,0,0
"Delhi","02/02/2020",4,0,0,0,0,0,0
"Delhi","03/02/2020",5,0,0,0,0,0,0
"Delhi","04/02/2020",6,0,0,0,0,0,0
"Delhi","05/02/2020",7,0,0,0,0,0,0
"Delhi","06/02/2020",8,0,0,0,0,0,0
"Delhi","07/02/2020",9,0,0,0,0,0,0
"Delhi","08/02/2020",10,0,0,0,0,0,0
"Delhi","09/02/2020",11,0,0,0,0,0,0
"Delhi","10/02/2020",12,0,0,0,0,0,0
"Delhi","11/02/2020",13,0,0,0,0,0,0
"Delhi","12/02/2020",14,0,0,0,0,0,0
"Delhi","13/02/2020",15,0,0,0,0,0,0
"Delhi","14/02/2020",16,0,0,0,0,0,0
"Delhi","15/02/2020",17,0,0,0,0,0,0
"Delhi","16/02/2020",18,0,0,0,0,0,0
"Delhi","17/02/2020",19,0,0,0,0,0,0
"Delhi","18/02/2020",20,0,0,0,0,0,0
"Delhi","19/02/2020",21,0,0,0,0,0,0
"Delhi","20/02/2020",22,0,0,0,0,0,0
"Delhi","21/02/2020",23,0,0,0,0,0,0
"Delhi","22/02/2020",24,0,0,0,0,0,0
"Delhi","23/02/2020",25,0,0,0,0,0,0
"Delhi","24/02/2020",26,0,0,0,0,0,0
"Delhi","25/02/2020",27,0,0,0,0,0,0
"Delhi","26/02/2020",28,0,0,0,0,0,0
"Delhi","27/02/2020",29,0,0,0,0,0,0
"Delhi","28/02/2020",30,0,0,0,0,0,0
"Delhi","29/02/2020",31,0,0,0,0,0,0
"Delhi","01/03/2020",32,0,0,0,0,0,0
"Delhi","02/03/2020",33,1,0,0,1,0,0
"Delhi","03/03/2020",34,1,0,0,1,0,0
"Delhi","04/03/2020",35,1,0,0,1,0,0
"Delhi","05/03/2020",36,2,0,0,2,0,0
"Delhi","06/03/2020",37,3,0,0,3,0,0
"Delhi","07/03/2020",38,3,0,0,3,0,0
"Delhi","08/03/2020",39,3,0,0,3,0,0
"Delhi","09/03/2020",40,4,0,0,4,0,0
"Delhi","10/03/2020",41,4,0,0,4,0,0
"Delhi","11/03/2020",42,5,0,0,5,0,0
"Delhi","12/03/2020",43,6,0,0,6,0,0
"Delhi","13/03/2020",44,6,0,0,6,0,0
"Delhi","14/03/2020",45,7,1,1,5,2,14.29
"Delhi","15/03/2020",46,7,1,2,4,3,14.29
"Delhi","16/03/2020",47,7,1,2,4,3,14.29
"Delhi","17/03/2020",48,8,1,2,5,3,12.5
"Delhi","18/03/2020",49,10,1,2,7,3,10
"Delhi","19/03/2020",50,12,1,3,8,4,8.33
"Delhi","20/03/2020",51,17,1,5,11,6,5.88
"Delhi","21/03/2020",52,26,1,5,20,6,3.85
"Delhi","22/03/2020",53,29,1,5,23,6,3.45
"Delhi","23/03/2020",54,29,1,5,23,6,3.45
"Delhi","24/03/2020",55,30,1,6,23,7,3.33
"Delhi","25/03/2020",56,31,1,6,24,7,3.23
"Delhi","26/03/2020",57,36,1,6,29,7,2.78
"Delhi","27/03/2020",58,36,1,6,29,7,2.78
"Delhi","28/03/2020",59,39,1,6,32,7,2.56
"Delhi","29/03/2020",60,49,2,6,41,8,4.08
"Delhi","30/03/2020",61,87,2,6,79,8,2.3
"Delhi","31/03/2020",62,97,2,6,89,8,2.06
"Delhi","01/04/2020",63,152,2,6,144,8,1.32
"Delhi","02/04/2020",64,219,4,8,207,12,1.83
"Delhi","03/04/2020",65,219,4,8,207,12,1.83
"Delhi","04/04/2020",66,445,6,15,424,21,1.35
"Delhi","05/04/2020",67,503,7,18,478,25,1.39
"Delhi","06/04/2020",68,523,7,19,497,26,1.34
"Delhi","07/04/2020",69,576,7,21,548,28,1.22
"Delhi","08/04/2020",70,576,9,21,546,30,1.56
"Goa","30/01/2020",1,0,0,0,0,0,0
"Goa","31/01/2020",2,0,0,0,0,0,0
"Goa","01/02/2020",3,0,0,0,0,0,0
"Goa","02/02/2020",4,0,0,0,0,0,0
"Goa","03/02/2020",5,0,0,0,0,0,0
"Goa","04/02/2020",6,0,0,0,0,0,0
"Goa","05/02/2020",7,0,0,0,0,0,0
"Goa","06/02/2020",8,0,0,0,0,0,0
"Goa","07/02/2020",9,0,0,0,0,0,0
"Goa","08/02/2020",10,0,0,0,0,0,0
"Goa","09/02/2020",11,0,0,0,0,0,0
"Goa","10/02/2020",12,0,0,0,0,0,0
"Goa","11/02/2020",13,0,0,0,0,0,0
"Goa","12/02/2020",14,0,0,0,0,0,0
"Goa","13/02/2020",15,0,0,0,0,0,0
"Goa","14/02/2020",16,0,0,0,0,0,0
"Goa","15/02/2020",17,0,0,0,0,0,0
"Goa","16/02/2020",18,0,0,0,0,0,0
"Goa","17/02/2020",19,0,0,0,0,0,0
"Goa","18/02/2020",20,0,0,0,0,0,0
"Goa","19/02/2020",21,0,0,0,0,0,0
"Goa","20/02/2020",22,0,0,0,0,0,0
"Goa","21/02/2020",23,0,0,0,0,0,0
"Goa","22/02/2020",24,0,0,0,0,0,0
"Goa","23/02/2020",25,0,0,0,0,0,0
"Goa","24/02/2020",26,0,0,0,0,0,0
"Goa","25/02/2020",27,0,0,0,0,0,0
"Goa","26/02/2020",28,0,0,0,0,0,0
"Goa","27/02/2020",29,0,0,0,0,0,0
"Goa","28/02/2020",30,0,0,0,0,0,0
"Goa","29/02/2020",31,0,0,0,0,0,0
"Goa","01/03/2020",32,0,0,0,0,0,0
"Goa","02/03/2020",33,0,0,0,0,0,0
"Goa","03/03/2020",34,0,0,0,0,0,0
"Goa","04/03/2020",35,0,0,0,0,0,0
"Goa","05/03/2020",36,0,0,0,0,0,0
"Goa","06/03/2020",37,0,0,0,0,0,0
"Goa","07/03/2020",38,0,0,0,0,0,0
"Goa","08/03/2020",39,0,0,0,0,0,0
"Goa","09/03/2020",40,0,0,0,0,0,0
"Goa","10/03/2020",41,0,0,0,0,0,0
"Goa","11/03/2020",42,0,0,0,0,0,0
"Goa","12/03/2020",43,0,0,0,0,0,0
"Goa","13/03/2020",44,0,0,0,0,0,0
"Goa","14/03/2020",45,0,0,0,0,0,0
"Goa","15/03/2020",46,0,0,0,0,0,0
"Goa","16/03/2020",47,0,0,0,0,0,0
"Goa","17/03/2020",48,0,0,0,0,0,0
"Goa","18/03/2020",49,0,0,0,0,0,0
"Goa","19/03/2020",50,0,0,0,0,0,0
"Goa","20/03/2020",51,0,0,0,0,0,0
"Goa","21/03/2020",52,0,0,0,0,0,0
"Goa","22/03/2020",53,0,0,0,0,0,0
"Goa","23/03/2020",54,0,0,0,0,0,0
"Goa","24/03/2020",55,0,0,0,0,0,0
"Goa","25/03/2020",56,0,0,0,0,0,0
"Goa","26/03/2020",57,3,0,0,3,0,0
"Goa","27/03/2020",58,3,0,0,3,0,0
"Goa","28/03/2020",59,3,0,0,3,0,0
"Goa","29/03/2020",60,5,0,0,5,0,0
"Goa","30/03/2020",61,5,0,0,5,0,0
"Goa","31/03/2020",62,5,0,0,5,0,0
"Goa","01/04/2020",63,5,0,0,5,0,0
"Goa","02/04/2020",64,5,0,0,5,0,0
"Goa","03/04/2020",65,6,0,0,6,0,0
"Goa","04/04/2020",66,7,0,0,7,0,0
"Goa","05/04/2020",67,7,0,0,7,0,0
"Goa","06/04/2020",68,7,0,0,7,0,0
"Goa","07/04/2020",69,7,0,0,7,0,0
"Goa","08/04/2020",70,7,0,0,7,0,0
"Gujarat","30/01/2020",1,0,0,0,0,0,0
"Gujarat","31/01/2020",2,0,0,0,0,0,0
"Gujarat","01/02/2020",3,0,0,0,0,0,0
"Gujarat","02/02/2020",4,0,0,0,0,0,0
"Gujarat","03/02/2020",5,0,0,0,0,0,0
"Gujarat","04/02/2020",6,0,0,0,0,0,0
"Gujarat","05/02/2020",7,0,0,0,0,0,0
"Gujarat","06/02/2020",8,0,0,0,0,0,0
"Gujarat","07/02/2020",9,0,0,0,0,0,0
"Gujarat","08/02/2020",10,0,0,0,0,0,0
"Gujarat","09/02/2020",11,0,0,0,0,0,0
"Gujarat","10/02/2020",12,0,0,0,0,0,0
"Gujarat","11/02/2020",13,0,0,0,0,0,0
"Gujarat","12/02/2020",14,0,0,0,0,0,0
"Gujarat","13/02/2020",15,0,0,0,0,0,0
"Gujarat","14/02/2020",16,0,0,0,0,0,0
"Gujarat","15/02/2020",17,0,0,0,0,0,0
"Gujarat","16/02/2020",18,0,0,0,0,0,0
"Gujarat","17/02/2020",19,0,0,0,0,0,0
"Gujarat","18/02/2020",20,0,0,0,0,0,0
"Gujarat","19/02/2020",21,0,0,0,0,0,0
"Gujarat","20/02/2020",22,0,0,0,0,0,0
"Gujarat","21/02/2020",23,0,0,0,0,0,0
"Gujarat","22/02/2020",24,0,0,0,0,0,0
"Gujarat","23/02/2020",25,0,0,0,0,0,0
"Gujarat","24/02/2020",26,0,0,0,0,0,0
"Gujarat","25/02/2020",27,0,0,0,0,0,0
"Gujarat","26/02/2020",28,0,0,0,0,0,0
"Gujarat","27/02/2020",29,0,0,0,0,0,0
"Gujarat","28/02/2020",30,0,0,0,0,0,0
"Gujarat","29/02/2020",31,0,0,0,0,0,0
"Gujarat","01/03/2020",32,0,0,0,0,0,0
"Gujarat","02/03/2020",33,0,0,0,0,0,0
"Gujarat","03/03/2020",34,0,0,0,0,0,0
"Gujarat","04/03/2020",35,0,0,0,0,0,0
"Gujarat","05/03/2020",36,0,0,0,0,0,0
"Gujarat","06/03/2020",37,0,0,0,0,0,0
"Gujarat","07/03/2020",38,0,0,0,0,0,0
"Gujarat","08/03/2020",39,0,0,0,0,0,0
"Gujarat","09/03/2020",40,0,0,0,0,0,0
"Gujarat","10/03/2020",41,0,0,0,0,0,0
"Gujarat","11/03/2020",42,0,0,0,0,0,0
"Gujarat","12/03/2020",43,0,0,0,0,0,0
"Gujarat","13/03/2020",44,0,0,0,0,0,0
"Gujarat","14/03/2020",45,0,0,0,0,0,0
"Gujarat","15/03/2020",46,0,0,0,0,0,0
"Gujarat","16/03/2020",47,0,0,0,0,0,0
"Gujarat","17/03/2020",48,0,0,0,0,0,0
"Gujarat","18/03/2020",49,0,0,0,0,0,0
"Gujarat","19/03/2020",50,0,0,0,0,0,0
"Gujarat","20/03/2020",51,5,0,0,5,0,0
"Gujarat","21/03/2020",52,7,0,0,7,0,0
"Gujarat","22/03/2020",53,18,1,0,17,1,5.56
"Gujarat","23/03/2020",54,29,1,0,28,1,3.45
"Gujarat","24/03/2020",55,33,1,0,32,1,3.03
"Gujarat","25/03/2020",56,38,1,0,37,1,2.63
"Gujarat","26/03/2020",57,43,3,0,40,3,6.98
"Gujarat","27/03/2020",58,43,3,0,40,3,6.98
"Gujarat","28/03/2020",59,45,3,0,42,3,6.67
"Gujarat","29/03/2020",60,58,5,1,52,6,8.62
"Gujarat","30/03/2020",61,69,6,1,62,7,8.7
"Gujarat","31/03/2020",62,73,6,3,64,9,8.22
"Gujarat","01/04/2020",63,82,6,5,71,11,7.32
"Gujarat","02/04/2020",64,87,7,8,72,15,8.05
"Gujarat","03/04/2020",65,95,8,10,77,18,8.42
"Gujarat","04/04/2020",66,105,10,14,81,24,9.52
"Gujarat","05/04/2020",67,122,11,18,93,29,9.02
"Gujarat","06/04/2020",68,144,12,22,110,34,8.33
"Gujarat","07/04/2020",69,165,13,25,127,38,7.88
"Gujarat","08/04/2020",70,165,13,25,127,38,7.88
"Haryana","30/01/2020",1,0,0,0,0,0,0
"Haryana","31/01/2020",2,0,0,0,0,0,0
"Haryana","01/02/2020",3,0,0,0,0,0,0
"Haryana","02/02/2020",4,0,0,0,0,0,0
"Haryana","03/02/2020",5,0,0,0,0,0,0
"Haryana","04/02/2020",6,0,0,0,0,0,0
"Haryana","05/02/2020",7,0,0,0,0,0,0
"Haryana","06/02/2020",8,0,0,0,0,0,0
"Haryana","07/02/2020",9,0,0,0,0,0,0
"Haryana","08/02/2020",10,0,0,0,0,0,0
"Haryana","09/02/2020",11,0,0,0,0,0,0
"Haryana","10/02/2020",12,0,0,0,0,0,0
"Haryana","11/02/2020",13,0,0,0,0,0,0
"Haryana","12/02/2020",14,0,0,0,0,0,0
"Haryana","13/02/2020",15,0,0,0,0,0,0
"Haryana","14/02/2020",16,0,0,0,0,0,0
"Haryana","15/02/2020",17,0,0,0,0,0,0
"Haryana","16/02/2020",18,0,0,0,0,0,0
"Haryana","17/02/2020",19,0,0,0,0,0,0
"Haryana","18/02/2020",20,0,0,0,0,0,0
"Haryana","19/02/2020",21,0,0,0,0,0,0
"Haryana","20/02/2020",22,0,0,0,0,0,0
"Haryana","21/02/2020",23,0,0,0,0,0,0
"Haryana","22/02/2020",24,0,0,0,0,0,0
"Haryana","23/02/2020",25,0,0,0,0,0,0
"Haryana","24/02/2020",26,0,0,0,0,0,0
"Haryana","25/02/2020",27,0,0,0,0,0,0
"Haryana","26/02/2020",28,0,0,0,0,0,0
"Haryana","27/02/2020",29,0,0,0,0,0,0
"Haryana","28/02/2020",30,0,0,0,0,0,0
"Haryana","29/02/2020",31,0,0,0,0,0,0
"Haryana","01/03/2020",32,0,0,0,0,0,0
"Haryana","02/03/2020",33,0,0,0,0,0,0
"Haryana","03/03/2020",34,0,0,0,0,0,0
"Haryana","04/03/2020",35,2,0,0,2,0,0
"Haryana","05/03/2020",36,2,0,0,2,0,0
"Haryana","06/03/2020",37,2,0,0,2,0,0
"Haryana","07/03/2020",38,2,0,0,2,0,0
"Haryana","08/03/2020",39,2,0,0,2,0,0
"Haryana","09/03/2020",40,2,0,0,2,0,0
"Haryana","10/03/2020",41,2,0,0,2,0,0
"Haryana","11/03/2020",42,14,0,0,14,0,0
"Haryana","12/03/2020",43,14,0,0,14,0,0
"Haryana","13/03/2020",44,14,0,0,14,0,0
"Haryana","14/03/2020",45,14,0,0,14,0,0
"Haryana","15/03/2020",46,14,0,0,14,0,0
"Haryana","16/03/2020",47,14,0,0,14,0,0
"Haryana","17/03/2020",48,15,0,0,15,0,0
"Haryana","18/03/2020",49,17,0,0,17,0,0
"Haryana","19/03/2020",50,17,0,0,17,0,0
"Haryana","20/03/2020",51,17,0,0,17,0,0
"Haryana","21/03/2020",52,17,0,0,17,0,0
"Haryana","22/03/2020",53,21,0,0,21,0,0
"Haryana","23/03/2020",54,26,0,0,26,0,0
"Haryana","24/03/2020",55,28,0,11,17,11,0
"Haryana","25/03/2020",56,28,0,11,17,11,0
"Haryana","26/03/2020",57,30,0,11,19,11,0
"Haryana","27/03/2020",58,30,0,11,19,11,0
"Haryana","28/03/2020",59,33,0,12,21,12,0
"Haryana","29/03/2020",60,33,0,17,16,17,0
"Haryana","30/03/2020",61,36,0,18,18,18,0
"Haryana","31/03/2020",62,40,0,21,19,21,0
"Haryana","01/04/2020",63,43,0,21,22,21,0
"Haryana","02/04/2020",64,43,0,21,22,21,0
"Haryana","03/04/2020",65,49,0,24,25,24,0
"Haryana","04/04/2020",66,49,0,24,25,24,0
"Haryana","05/04/2020",67,59,1,25,33,26,1.69
"Haryana","06/04/2020",68,84,1,25,58,26,1.19
"Haryana","07/04/2020",69,90,1,25,64,26,1.11
"Haryana","08/04/2020",70,147,3,28,116,31,2.04
"Himachal Pradesh","30/01/2020",1,0,0,0,0,0,0
"Himachal Pradesh","31/01/2020",2,0,0,0,0,0,0
"Himachal Pradesh","01/02/2020",3,0,0,0,0,0,0
"Himachal Pradesh","02/02/2020",4,0,0,0,0,0,0
"Himachal Pradesh","03/02/2020",5,0,0,0,0,0,0
"Himachal Pradesh","04/02/2020",6,0,0,0,0,0,0
"Himachal Pradesh","05/02/2020",7,0,0,0,0,0,0
"Himachal Pradesh","06/02/2020",8,0,0,0,0,0,0
"Himachal Pradesh","07/02/2020",9,0,0,0,0,0,0
"Himachal Pradesh","08/02/2020",10,0,0,0,0,0,0
"Himachal Pradesh","09/02/2020",11,0,0,0,0,0,0
"Himachal Pradesh","10/02/2020",12,0,0,0,0,0,0
"Himachal Pradesh","11/02/2020",13,0,0,0,0,0,0
"Himachal Pradesh","12/02/2020",14,0,0,0,0,0,0
"Himachal Pradesh","13/02/2020",15,0,0,0,0,0,0
"Himachal Pradesh","14/02/2020",16,0,0,0,0,0,0
"Himachal Pradesh","15/02/2020",17,0,0,0,0,0,0
"Himachal Pradesh","16/02/2020",18,0,0,0,0,0,0
"Himachal Pradesh","17/02/2020",19,0,0,0,0,0,0
"Himachal Pradesh","18/02/2020",20,0,0,0,0,0,0
"Himachal Pradesh","19/02/2020",21,0,0,0,0,0,0
"Himachal Pradesh","20/02/2020",22,0,0,0,0,0,0
"Himachal Pradesh","21/02/2020",23,0,0,0,0,0,0
"Himachal Pradesh","22/02/2020",24,0,0,0,0,0,0
"Himachal Pradesh","23/02/2020",25,0,0,0,0,0,0
"Himachal Pradesh","24/02/2020",26,0,0,0,0,0,0
"Himachal Pradesh","25/02/2020",27,0,0,0,0,0,0
"Himachal Pradesh","26/02/2020",28,0,0,0,0,0,0
"Himachal Pradesh","27/02/2020",29,0,0,0,0,0,0
"Himachal Pradesh","28/02/2020",30,0,0,0,0,0,0
"Himachal Pradesh","29/02/2020",31,0,0,0,0,0,0
"Himachal Pradesh","01/03/2020",32,0,0,0,0,0,0
"Himachal Pradesh","02/03/2020",33,0,0,0,0,0,0
"Himachal Pradesh","03/03/2020",34,0,0,0,0,0,0
"Himachal Pradesh","04/03/2020",35,0,0,0,0,0,0
"Himachal Pradesh","05/03/2020",36,0,0,0,0,0,0
"Himachal Pradesh","06/03/2020",37,0,0,0,0,0,0
"Himachal Pradesh","07/03/2020",38,0,0,0,0,0,0
"Himachal Pradesh","08/03/2020",39,0,0,0,0,0,0
"Himachal Pradesh","09/03/2020",40,0,0,0,0,0,0
"Himachal Pradesh","10/03/2020",41,0,0,0,0,0,0
"Himachal Pradesh","11/03/2020",42,0,0,0,0,0,0
"Himachal Pradesh","12/03/2020",43,0,0,0,0,0,0
"Himachal Pradesh","13/03/2020",44,0,0,0,0,0,0
"Himachal Pradesh","14/03/2020",45,0,0,0,0,0,0
"Himachal Pradesh","15/03/2020",46,0,0,0,0,0,0
"Himachal Pradesh","16/03/2020",47,0,0,0,0,0,0
"Himachal Pradesh","17/03/2020",48,0,0,0,0,0,0
"Himachal Pradesh","18/03/2020",49,0,0,0,0,0,0
"Himachal Pradesh","19/03/2020",50,0,0,0,0,0,0
"Himachal Pradesh","20/03/2020",51,0,0,0,0,0,0
"Himachal Pradesh","21/03/2020",52,2,0,0,2,0,0
"Himachal Pradesh","22/03/2020",53,2,0,0,2,0,0
"Himachal Pradesh","23/03/2020",54,2,0,0,2,0,0
"Himachal Pradesh","24/03/2020",55,3,1,0,2,1,33.33
"Himachal Pradesh","25/03/2020",56,3,1,0,2,1,33.33
"Himachal Pradesh","26/03/2020",57,3,1,0,2,1,33.33
"Himachal Pradesh","27/03/2020",58,3,1,0,2,1,33.33
"Himachal Pradesh","28/03/2020",59,3,1,0,2,1,33.33
"Himachal Pradesh","29/03/2020",60,3,1,0,2,1,33.33
"Himachal Pradesh","30/03/2020",61,3,1,0,2,1,33.33
"Himachal Pradesh","31/03/2020",62,3,1,0,2,1,33.33
"Himachal Pradesh","01/04/2020",63,3,1,0,2,1,33.33
"Himachal Pradesh","02/04/2020",64,3,1,1,1,2,33.33
"Himachal Pradesh","03/04/2020",65,6,1,1,4,2,16.67
"Himachal Pradesh","04/04/2020",66,6,1,1,4,2,16.67
"Himachal Pradesh","05/04/2020",67,6,1,1,4,2,16.67
"Himachal Pradesh","06/04/2020",68,13,1,2,10,3,7.69
"Himachal Pradesh","07/04/2020",69,13,1,2,10,3,7.69
"Himachal Pradesh","08/04/2020",70,18,1,2,15,3,5.56
"Jammu and Kashmir","30/01/2020",1,0,0,0,0,0,0
"Jammu and Kashmir","31/01/2020",2,0,0,0,0,0,0
"Jammu and Kashmir","01/02/2020",3,0,0,0,0,0,0
"Jammu and Kashmir","02/02/2020",4,0,0,0,0,0,0
"Jammu and Kashmir","03/02/2020",5,0,0,0,0,0,0
"Jammu and Kashmir","04/02/2020",6,0,0,0,0,0,0
"Jammu and Kashmir","05/02/2020",7,0,0,0,0,0,0
"Jammu and Kashmir","06/02/2020",8,0,0,0,0,0,0
"Jammu and Kashmir","07/02/2020",9,0,0,0,0,0,0
"Jammu and Kashmir","08/02/2020",10,0,0,0,0,0,0
"Jammu and Kashmir","09/02/2020",11,0,0,0,0,0,0
"Jammu and Kashmir","10/02/2020",12,0,0,0,0,0,0
"Jammu and Kashmir","11/02/2020",13,0,0,0,0,0,0
"Jammu and Kashmir","12/02/2020",14,0,0,0,0,0,0
"Jammu and Kashmir","13/02/2020",15,0,0,0,0,0,0
"Jammu and Kashmir","14/02/2020",16,0,0,0,0,0,0
"Jammu and Kashmir","15/02/2020",17,0,0,0,0,0,0
"Jammu and Kashmir","16/02/2020",18,0,0,0,0,0,0
"Jammu and Kashmir","17/02/2020",19,0,0,0,0,0,0
"Jammu and Kashmir","18/02/2020",20,0,0,0,0,0,0
"Jammu and Kashmir","19/02/2020",21,0,0,0,0,0,0
"Jammu and Kashmir","20/02/2020",22,0,0,0,0,0,0
"Jammu and Kashmir","21/02/2020",23,0,0,0,0,0,0
"Jammu and Kashmir","22/02/2020",24,0,0,0,0,0,0
"Jammu and Kashmir","23/02/2020",25,0,0,0,0,0,0
"Jammu and Kashmir","24/02/2020",26,0,0,0,0,0,0
"Jammu and Kashmir","25/02/2020",27,0,0,0,0,0,0
"Jammu and Kashmir","26/02/2020",28,0,0,0,0,0,0
"Jammu and Kashmir","27/02/2020",29,0,0,0,0,0,0
"Jammu and Kashmir","28/02/2020",30,0,0,0,0,0,0
"Jammu and Kashmir","29/02/2020",31,0,0,0,0,0,0
"Jammu and Kashmir","01/03/2020",32,0,0,0,0,0,0
"Jammu and Kashmir","02/03/2020",33,0,0,0,0,0,0
"Jammu and Kashmir","03/03/2020",34,0,0,0,0,0,0
"Jammu and Kashmir","04/03/2020",35,0,0,0,0,0,0
"Jammu and Kashmir","05/03/2020",36,0,0,0,0,0,0
"Jammu and Kashmir","06/03/2020",37,0,0,0,0,0,0
"Jammu and Kashmir","07/03/2020",38,0,0,0,0,0,0
"Jammu and Kashmir","08/03/2020",39,0,0,0,0,0,0
"Jammu and Kashmir","09/03/2020",40,1,0,0,1,0,0
"Jammu and Kashmir","10/03/2020",41,1,0,0,1,0,0
"Jammu and Kashmir","11/03/2020",42,1,0,0,1,0,0
"Jammu and Kashmir","12/03/2020",43,1,0,0,1,0,0
"Jammu and Kashmir","13/03/2020",44,1,0,0,1,0,0
"Jammu and Kashmir","14/03/2020",45,2,0,0,2,0,0
"Jammu and Kashmir","15/03/2020",46,2,0,0,2,0,0
"Jammu and Kashmir","16/03/2020",47,3,0,0,3,0,0
"Jammu and Kashmir","17/03/2020",48,3,0,0,3,0,0
"Jammu and Kashmir","18/03/2020",49,3,0,0,3,0,0
"Jammu and Kashmir","19/03/2020",50,4,0,0,4,0,0
"Jammu and Kashmir","20/03/2020",51,4,0,0,4,0,0
"Jammu and Kashmir","21/03/2020",52,4,0,0,4,0,0
"Jammu and Kashmir","22/03/2020",53,4,0,0,4,0,0
"Jammu and Kashmir","23/03/2020",54,4,0,0,4,0,0
"Jammu and Kashmir","24/03/2020",55,4,0,0,4,0,0
"Jammu and Kashmir","25/03/2020",56,7,0,1,6,1,0
"Jammu and Kashmir","26/03/2020",57,13,0,1,12,1,0
"Jammu and Kashmir","27/03/2020",58,13,1,1,11,2,7.69
"Jammu and Kashmir","28/03/2020",59,20,1,1,18,2,5
"Jammu and Kashmir","29/03/2020",60,31,2,1,28,3,6.45
"Jammu and Kashmir","30/03/2020",61,48,2,2,44,4,4.17
"Jammu and Kashmir","31/03/2020",62,54,2,2,50,4,3.7
"Jammu and Kashmir","01/04/2020",63,62,2,2,58,4,3.23
"Jammu and Kashmir","02/04/2020",64,62,2,2,58,4,3.23
"Jammu and Kashmir","03/04/2020",65,75,2,3,70,5,2.67
"Jammu and Kashmir","04/04/2020",66,75,2,3,70,5,2.67
"Jammu and Kashmir","05/04/2020",67,106,2,4,100,6,1.89
"Jammu and Kashmir","06/04/2020",68,109,2,4,103,6,1.83
"Jammu and Kashmir","07/04/2020",69,116,2,4,110,6,1.72
"Jammu and Kashmir","08/04/2020",70,116,2,4,110,6,1.72
"Jharkhand","30/01/2020",1,0,0,0,0,0,0
"Jharkhand","31/01/2020",2,0,0,0,0,0,0
"Jharkhand","01/02/2020",3,0,0,0,0,0,0
"Jharkhand","02/02/2020",4,0,0,0,0,0,0
"Jharkhand","03/02/2020",5,0,0,0,0,0,0
"Jharkhand","04/02/2020",6,0,0,0,0,0,0
"Jharkhand","05/02/2020",7,0,0,0,0,0,0
"Jharkhand","06/02/2020",8,0,0,0,0,0,0
"Jharkhand","07/02/2020",9,0,0,0,0,0,0
"Jharkhand","08/02/2020",10,0,0,0,0,0,0
"Jharkhand","09/02/2020",11,0,0,0,0,0,0
"Jharkhand","10/02/2020",12,0,0,0,0,0,0
"Jharkhand","11/02/2020",13,0,0,0,0,0,0
"Jharkhand","12/02/2020",14,0,0,0,0,0,0
"Jharkhand","13/02/2020",15,0,0,0,0,0,0
"Jharkhand","14/02/2020",16,0,0,0,0,0,0
"Jharkhand","15/02/2020",17,0,0,0,0,0,0
"Jharkhand","16/02/2020",18,0,0,0,0,0,0
"Jharkhand","17/02/2020",19,0,0,0,0,0,0
"Jharkhand","18/02/2020",20,0,0,0,0,0,0
"Jharkhand","19/02/2020",21,0,0,0,0,0,0
"Jharkhand","20/02/2020",22,0,0,0,0,0,0
"Jharkhand","21/02/2020",23,0,0,0,0,0,0
"Jharkhand","22/02/2020",24,0,0,0,0,0,0
"Jharkhand","23/02/2020",25,0,0,0,0,0,0
"Jharkhand","24/02/2020",26,0,0,0,0,0,0
"Jharkhand","25/02/2020",27,0,0,0,0,0,0
"Jharkhand","26/02/2020",28,0,0,0,0,0,0
"Jharkhand","27/02/2020",29,0,0,0,0,0,0
"Jharkhand","28/02/2020",30,0,0,0,0,0,0
"Jharkhand","29/02/2020",31,0,0,0,0,0,0
"Jharkhand","01/03/2020",32,0,0,0,0,0,0
"Jharkhand","02/03/2020",33,0,0,0,0,0,0
"Jharkhand","03/03/2020",34,0,0,0,0,0,0
"Jharkhand","04/03/2020",35,0,0,0,0,0,0
"Jharkhand","05/03/2020",36,0,0,0,0,0,0
"Jharkhand","06/03/2020",37,0,0,0,0,0,0
"Jharkhand","07/03/2020",38,0,0,0,0,0,0
"Jharkhand","08/03/2020",39,0,0,0,0,0,0
"Jharkhand","09/03/2020",40,0,0,0,0,0,0
"Jharkhand","10/03/2020",41,0,0,0,0,0,0
"Jharkhand","11/03/2020",42,0,0,0,0,0,0
"Jharkhand","12/03/2020",43,0,0,0,0,0,0
"Jharkhand","13/03/2020",44,0,0,0,0,0,0
"Jharkhand","14/03/2020",45,0,0,0,0,0,0
"Jharkhand","15/03/2020",46,0,0,0,0,0,0
"Jharkhand","16/03/2020",47,0,0,0,0,0,0
"Jharkhand","17/03/2020",48,0,0,0,0,0,0
"Jharkhand","18/03/2020",49,0,0,0,0,0,0
"Jharkhand","19/03/2020",50,0,0,0,0,0,0
"Jharkhand","20/03/2020",51,0,0,0,0,0,0
"Jharkhand","21/03/2020",52,0,0,0,0,0,0
"Jharkhand","22/03/2020",53,0,0,0,0,0,0
"Jharkhand","23/03/2020",54,0,0,0,0,0,0
"Jharkhand","24/03/2020",55,0,0,0,0,0,0
"Jharkhand","25/03/2020",56,0,0,0,0,0,0
"Jharkhand","26/03/2020",57,0,0,0,0,0,0
"Jharkhand","27/03/2020",58,0,0,0,0,0,0
"Jharkhand","28/03/2020",59,0,0,0,0,0,0
"Jharkhand","29/03/2020",60,0,0,0,0,0,0
"Jharkhand","30/03/2020",61,0,0,0,0,0,0
"Jharkhand","31/03/2020",62,0,0,0,0,0,0
"Jharkhand","01/04/2020",63,1,0,0,1,0,0
"Jharkhand","02/04/2020",64,1,0,0,1,0,0
"Jharkhand","03/04/2020",65,2,0,0,2,0,0
"Jharkhand","04/04/2020",66,2,0,0,2,0,0
"Jharkhand","05/04/2020",67,3,0,0,3,0,0
"Jharkhand","06/04/2020",68,4,0,0,4,0,0
"Jharkhand","07/04/2020",69,4,0,0,4,0,0
"Jharkhand","08/04/2020",70,4,0,0,4,0,0
"Karnataka","30/01/2020",1,0,0,0,0,0,0
"Karnataka","31/01/2020",2,0,0,0,0,0,0
"Karnataka","01/02/2020",3,0,0,0,0,0,0
"Karnataka","02/02/2020",4,0,0,0,0,0,0
"Karnataka","03/02/2020",5,0,0,0,0,0,0
"Karnataka","04/02/2020",6,0,0,0,0,0,0
"Karnataka","05/02/2020",7,0,0,0,0,0,0
"Karnataka","06/02/2020",8,0,0,0,0,0,0
"Karnataka","07/02/2020",9,0,0,0,0,0,0
"Karnataka","08/02/2020",10,0,0,0,0,0,0
"Karnataka","09/02/2020",11,0,0,0,0,0,0
"Karnataka","10/02/2020",12,0,0,0,0,0,0
"Karnataka","11/02/2020",13,0,0,0,0,0,0
"Karnataka","12/02/2020",14,0,0,0,0,0,0
"Karnataka","13/02/2020",15,0,0,0,0,0,0
"Karnataka","14/02/2020",16,0,0,0,0,0,0
"Karnataka","15/02/2020",17,0,0,0,0,0,0
"Karnataka","16/02/2020",18,0,0,0,0,0,0
"Karnataka","17/02/2020",19,0,0,0,0,0,0
"Karnataka","18/02/2020",20,0,0,0,0,0,0
"Karnataka","19/02/2020",21,0,0,0,0,0,0
"Karnataka","20/02/2020",22,0,0,0,0,0,0
"Karnataka","21/02/2020",23,0,0,0,0,0,0
"Karnataka","22/02/2020",24,0,0,0,0,0,0
"Karnataka","23/02/2020",25,0,0,0,0,0,0
"Karnataka","24/02/2020",26,0,0,0,0,0,0
"Karnataka","25/02/2020",27,0,0,0,0,0,0
"Karnataka","26/02/2020",28,0,0,0,0,0,0
"Karnataka","27/02/2020",29,0,0,0,0,0,0
"Karnataka","28/02/2020",30,0,0,0,0,0,0
"Karnataka","29/02/2020",31,0,0,0,0,0,0
"Karnataka","01/03/2020",32,0,0,0,0,0,0
"Karnataka","02/03/2020",33,0,0,0,0,0,0
"Karnataka","03/03/2020",34,0,0,0,0,0,0
"Karnataka","04/03/2020",35,0,0,0,0,0,0
"Karnataka","05/03/2020",36,0,0,0,0,0,0
"Karnataka","06/03/2020",37,0,0,0,0,0,0
"Karnataka","07/03/2020",38,0,0,0,0,0,0
"Karnataka","08/03/2020",39,0,0,0,0,0,0
"Karnataka","09/03/2020",40,1,0,0,1,0,0
"Karnataka","10/03/2020",41,4,0,0,4,0,0
"Karnataka","11/03/2020",42,4,0,0,4,0,0
"Karnataka","12/03/2020",43,4,0,0,4,0,0
"Karnataka","13/03/2020",44,6,1,0,5,1,16.67
"Karnataka","14/03/2020",45,6,1,0,5,1,16.67
"Karnataka","15/03/2020",46,6,1,0,5,1,16.67
"Karnataka","16/03/2020",47,6,1,0,5,1,16.67
"Karnataka","17/03/2020",48,11,1,0,10,1,9.09
"Karnataka","18/03/2020",49,11,1,0,10,1,9.09
"Karnataka","19/03/2020",50,14,1,0,13,1,7.14
"Karnataka","20/03/2020",51,15,1,1,13,2,6.67
"Karnataka","21/03/2020",52,15,1,1,13,2,6.67
"Karnataka","22/03/2020",53,26,1,2,23,3,3.85
"Karnataka","23/03/2020",54,33,1,2,30,3,3.03
"Karnataka","24/03/2020",55,37,1,3,33,4,2.7
"Karnataka","25/03/2020",56,41,1,3,37,4,2.44
"Karnataka","26/03/2020",57,55,2,3,50,5,3.64
"Karnataka","27/03/2020",58,55,2,3,50,5,3.64
"Karnataka","28/03/2020",59,55,2,3,50,5,3.64
"Karnataka","29/03/2020",60,76,3,5,68,8,3.95
"Karnataka","30/03/2020",61,83,3,5,75,8,3.61
"Karnataka","31/03/2020",62,83,3,5,75,8,3.61
"Karnataka","01/04/2020",63,101,3,8,90,11,2.97
"Karnataka","02/04/2020",64,110,3,9,98,12,2.73
"Karnataka","03/04/2020",65,124,3,10,111,13,2.42
"Karnataka","04/04/2020",66,128,3,12,113,15,2.34
"Karnataka","05/04/2020",67,144,4,12,128,16,2.78
"Karnataka","06/04/2020",68,151,4,12,135,16,2.65
"Karnataka","07/04/2020",69,175,4,25,146,29,2.29
"Karnataka","08/04/2020",70,175,4,25,146,29,2.29
"Kerala","30/01/2020",1,1,0,0,1,0,0
"Kerala","31/01/2020",2,1,0,0,1,0,0
"Kerala","01/02/2020",3,2,0,0,2,0,0
"Kerala","02/02/2020",4,3,0,0,3,0,0
"Kerala","03/02/2020",5,3,0,0,3,0,0
"Kerala","04/02/2020",6,3,0,0,3,0,0
"Kerala","05/02/2020",7,3,0,0,3,0,0
"Kerala","06/02/2020",8,3,0,0,3,0,0
"Kerala","07/02/2020",9,3,0,0,3,0,0
"Kerala","08/02/2020",10,3,0,0,3,0,0
"Kerala","09/02/2020",11,3,0,0,3,0,0
"Kerala","10/02/2020",12,3,0,0,3,0,0
"Kerala","11/02/2020",13,3,0,0,3,0,0
"Kerala","12/02/2020",14,3,0,0,3,0,0
"Kerala","13/02/2020",15,3,0,0,3,0,0
"Kerala","14/02/2020",16,3,0,0,3,0,0
"Kerala","15/02/2020",17,3,0,0,3,0,0
"Kerala","16/02/2020",18,3,0,0,3,0,0
"Kerala","17/02/2020",19,3,0,0,3,0,0
"Kerala","18/02/2020",20,3,0,0,3,0,0
"Kerala","19/02/2020",21,3,0,0,3,0,0
"Kerala","20/02/2020",22,3,0,0,3,0,0
"Kerala","21/02/2020",23,3,0,0,3,0,0
"Kerala","22/02/2020",24,3,0,0,3,0,0
"Kerala","23/02/2020",25,3,0,0,3,0,0
"Kerala","24/02/2020",26,3,0,0,3,0,0
"Kerala","25/02/2020",27,3,0,0,3,0,0
"Kerala","26/02/2020",28,3,0,0,3,0,0
"Kerala","27/02/2020",29,3,0,0,3,0,0
"Kerala","28/02/2020",30,3,0,0,3,0,0
"Kerala","29/02/2020",31,3,0,0,3,0,0
"Kerala","01/03/2020",32,3,0,0,3,0,0
"Kerala","02/03/2020",33,3,0,0,3,0,0
"Kerala","03/03/2020",34,3,0,3,0,3,0
"Kerala","04/03/2020",35,3,0,3,0,3,0
"Kerala","05/03/2020",36,3,0,3,0,3,0
"Kerala","06/03/2020",37,3,0,3,0,3,0
"Kerala","07/03/2020",38,3,0,3,0,3,0
"Kerala","08/03/2020",39,8,0,3,5,3,0
"Kerala","09/03/2020",40,9,0,3,6,3,0
"Kerala","10/03/2020",41,15,0,3,12,3,0
"Kerala","11/03/2020",42,17,0,3,14,3,0
"Kerala","12/03/2020",43,17,0,3,14,3,0
"Kerala","13/03/2020",44,19,0,3,16,3,0
"Kerala","14/03/2020",45,19,0,3,16,3,0
"Kerala","15/03/2020",46,22,0,3,19,3,0
"Kerala","16/03/2020",47,23,0,3,20,3,0
"Kerala","17/03/2020",48,26,0,3,23,3,0
"Kerala","18/03/2020",49,27,0,3,24,3,0
"Kerala","19/03/2020",50,27,0,3,24,3,0
"Kerala","20/03/2020",51,28,0,3,25,3,0
"Kerala","21/03/2020",52,40,0,3,37,3,0
"Kerala","22/03/2020",53,52,0,3,49,3,0
"Kerala","23/03/2020",54,67,0,3,64,3,0
"Kerala","24/03/2020",55,95,0,4,91,4,0
"Kerala","25/03/2020",56,109,0,4,105,4,0
"Kerala","26/03/2020",57,118,0,6,112,6,0
"Kerala","27/03/2020",58,137,0,11,126,11,0
"Kerala","28/03/2020",59,176,0,11,165,11,0
"Kerala","29/03/2020",60,182,1,15,166,16,0.55
"Kerala","30/03/2020",61,202,1,19,182,20,0.5
"Kerala","31/03/2020",62,234,1,19,214,20,0.43
"Kerala","01/04/2020",63,241,2,23,216,25,0.83
"Kerala","02/04/2020",64,265,2,25,238,27,0.75
"Kerala","03/04/2020",65,286,2,27,257,29,0.7
"Kerala","04/04/2020",66,295,2,41,252,43,0.68
"Kerala","05/04/2020",67,306,2,49,255,51,0.65
"Kerala","06/04/2020",68,314,2,55,257,57,0.64
"Kerala","07/04/2020",69,327,2,58,267,60,0.61
"Kerala","08/04/2020",70,336,2,70,264,72,0.6
"Ladakh","30/01/2020",1,0,0,0,0,0,0
"Ladakh","31/01/2020",2,0,0,0,0,0,0
"Ladakh","01/02/2020",3,0,0,0,0,0,0
"Ladakh","02/02/2020",4,0,0,0,0,0,0
"Ladakh","03/02/2020",5,0,0,0,0,0,0
"Ladakh","04/02/2020",6,0,0,0,0,0,0
"Ladakh","05/02/2020",7,0,0,0,0,0,0
"Ladakh","06/02/2020",8,0,0,0,0,0,0
"Ladakh","07/02/2020",9,0,0,0,0,0,0
"Ladakh","08/02/2020",10,0,0,0,0,0,0
"Ladakh","09/02/2020",11,0,0,0,0,0,0
"Ladakh","10/02/2020",12,0,0,0,0,0,0
"Ladakh","11/02/2020",13,0,0,0,0,0,0
"Ladakh","12/02/2020",14,0,0,0,0,0,0
"Ladakh","13/02/2020",15,0,0,0,0,0,0
"Ladakh","14/02/2020",16,0,0,0,0,0,0
"Ladakh","15/02/2020",17,0,0,0,0,0,0
"Ladakh","16/02/2020",18,0,0,0,0,0,0
"Ladakh","17/02/2020",19,0,0,0,0,0,0
"Ladakh","18/02/2020",20,0,0,0,0,0,0
"Ladakh","19/02/2020",21,0,0,0,0,0,0
"Ladakh","20/02/2020",22,0,0,0,0,0,0
"Ladakh","21/02/2020",23,0,0,0,0,0,0
"Ladakh","22/02/2020",24,0,0,0,0,0,0
"Ladakh","23/02/2020",25,0,0,0,0,0,0
"Ladakh","24/02/2020",26,0,0,0,0,0,0
"Ladakh","25/02/2020",27,0,0,0,0,0,0
"Ladakh","26/02/2020",28,0,0,0,0,0,0
"Ladakh","27/02/2020",29,0,0,0,0,0,0
"Ladakh","28/02/2020",30,0,0,0,0,0,0
"Ladakh","29/02/2020",31,0,0,0,0,0,0
"Ladakh","01/03/2020",32,0,0,0,0,0,0
"Ladakh","02/03/2020",33,0,0,0,0,0,0
"Ladakh","03/03/2020",34,0,0,0,0,0,0
"Ladakh","04/03/2020",35,0,0,0,0,0,0
"Ladakh","05/03/2020",36,0,0,0,0,0,0
"Ladakh","06/03/2020",37,0,0,0,0,0,0
"Ladakh","07/03/2020",38,2,0,0,2,0,0
"Ladakh","08/03/2020",39,2,0,0,2,0,0
"Ladakh","09/03/2020",40,2,0,0,2,0,0
"Ladakh","10/03/2020",41,2,0,0,2,0,0
"Ladakh","11/03/2020",42,2,0,0,2,0,0
"Ladakh","12/03/2020",43,3,0,0,3,0,0
"Ladakh","13/03/2020",44,3,0,0,3,0,0
"Ladakh","14/03/2020",45,3,0,0,3,0,0
"Ladakh","15/03/2020",46,3,0,0,3,0,0
"Ladakh","16/03/2020",47,4,0,0,4,0,0
"Ladakh","17/03/2020",48,6,0,0,6,0,0
"Ladakh","18/03/2020",49,8,0,0,8,0,0
"Ladakh","19/03/2020",50,8,0,0,8,0,0
"Ladakh","20/03/2020",51,10,0,0,10,0,0
"Ladakh","21/03/2020",52,13,0,0,13,0,0
"Ladakh","22/03/2020",53,13,0,0,13,0,0
"Ladakh","23/03/2020",54,13,0,0,13,0,0
"Ladakh","24/03/2020",55,13,0,0,13,0,0
"Ladakh","25/03/2020",56,13,0,0,13,0,0
"Ladakh","26/03/2020",57,13,0,0,13,0,0
"Ladakh","27/03/2020",58,13,0,3,10,3,0
"Ladakh","28/03/2020",59,13,0,3,10,3,0
"Ladakh","29/03/2020",60,13,0,3,10,3,0
"Ladakh","30/03/2020",61,13,0,3,10,3,0
"Ladakh","31/03/2020",62,13,0,3,10,3,0
"Ladakh","01/04/2020",63,13,0,3,10,3,0
"Ladakh","02/04/2020",64,13,0,3,10,3,0
"Ladakh","03/04/2020",65,14,0,3,11,3,0
"Ladakh","04/04/2020",66,14,0,3,11,3,0
"Ladakh","05/04/2020",67,14,0,10,4,10,0
"Ladakh","06/04/2020",68,14,0,10,4,10,0
"Ladakh","07/04/2020",69,14,0,10,4,10,0
"Ladakh","08/04/2020",70,14,0,10,4,10,0
"Madhya Pradesh","30/01/2020",1,0,0,0,0,0,0
"Madhya Pradesh","31/01/2020",2,0,0,0,0,0,0
"Madhya Pradesh","01/02/2020",3,0,0,0,0,0,0
"Madhya Pradesh","02/02/2020",4,0,0,0,0,0,0
"Madhya Pradesh","03/02/2020",5,0,0,0,0,0,0
"Madhya Pradesh","04/02/2020",6,0,0,0,0,0,0
"Madhya Pradesh","05/02/2020",7,0,0,0,0,0,0
"Madhya Pradesh","06/02/2020",8,0,0,0,0,0,0
"Madhya Pradesh","07/02/2020",9,0,0,0,0,0,0
"Madhya Pradesh","08/02/2020",10,0,0,0,0,0,0
"Madhya Pradesh","09/02/2020",11,0,0,0,0,0,0
"Madhya Pradesh","10/02/2020",12,0,0,0,0,0,0
"Madhya Pradesh","11/02/2020",13,0,0,0,0,0,0
"Madhya Pradesh","12/02/2020",14,0,0,0,0,0,0
"Madhya Pradesh","13/02/2020",15,0,0,0,0,0,0
"Madhya Pradesh","14/02/2020",16,0,0,0,0,0,0
"Madhya Pradesh","15/02/2020",17,0,0,0,0,0,0
"Madhya Pradesh","16/02/2020",18,0,0,0,0,0,0
"Madhya Pradesh","17/02/2020",19,0,0,0,0,0,0
"Madhya Pradesh","18/02/2020",20,0,0,0,0,0,0
"Madhya Pradesh","19/02/2020",21,0,0,0,0,0,0
"Madhya Pradesh","20/02/2020",22,0,0,0,0,0,0
"Madhya Pradesh","21/02/2020",23,0,0,0,0,0,0
"Madhya Pradesh","22/02/2020",24,0,0,0,0,0,0
"Madhya Pradesh","23/02/2020",25,0,0,0,0,0,0
"Madhya Pradesh","24/02/2020",26,0,0,0,0,0,0
"Madhya Pradesh","25/02/2020",27,0,0,0,0,0,0
"Madhya Pradesh","26/02/2020",28,0,0,0,0,0,0
"Madhya Pradesh","27/02/2020",29,0,0,0,0,0,0
"Madhya Pradesh","28/02/2020",30,0,0,0,0,0,0
"Madhya Pradesh","29/02/2020",31,0,0,0,0,0,0
"Madhya Pradesh","01/03/2020",32,0,0,0,0,0,0
"Madhya Pradesh","02/03/2020",33,0,0,0,0,0,0
"Madhya Pradesh","03/03/2020",34,0,0,0,0,0,0
"Madhya Pradesh","04/03/2020",35,0,0,0,0,0,0
"Madhya Pradesh","05/03/2020",36,0,0,0,0,0,0
"Madhya Pradesh","06/03/2020",37,0,0,0,0,0,0
"Madhya Pradesh","07/03/2020",38,0,0,0,0,0,0
"Madhya Pradesh","08/03/2020",39,0,0,0,0,0,0
"Madhya Pradesh","09/03/2020",40,0,0,0,0,0,0
"Madhya Pradesh","10/03/2020",41,0,0,0,0,0,0
"Madhya Pradesh","11/03/2020",42,0,0,0,0,0,0
"Madhya Pradesh","12/03/2020",43,0,0,0,0,0,0
"Madhya Pradesh","13/03/2020",44,0,0,0,0,0,0
"Madhya Pradesh","14/03/2020",45,0,0,0,0,0,0
"Madhya Pradesh","15/03/2020",46,0,0,0,0,0,0
"Madhya Pradesh","16/03/2020",47,0,0,0,0,0,0
"Madhya Pradesh","17/03/2020",48,0,0,0,0,0,0
"Madhya Pradesh","18/03/2020",49,0,0,0,0,0,0
"Madhya Pradesh","19/03/2020",50,0,0,0,0,0,0
"Madhya Pradesh","20/03/2020",51,0,0,0,0,0,0
"Madhya Pradesh","21/03/2020",52,4,0,0,4,0,0
"Madhya Pradesh","22/03/2020",53,4,0,0,4,0,0
"Madhya Pradesh","23/03/2020",54,6,0,0,6,0,0
"Madhya Pradesh","24/03/2020",55,7,0,0,7,0,0
"Madhya Pradesh","25/03/2020",56,14,0,0,14,0,0
"Madhya Pradesh","26/03/2020",57,20,1,0,19,1,5
"Madhya Pradesh","27/03/2020",58,20,1,0,19,1,5
"Madhya Pradesh","28/03/2020",59,30,2,0,28,2,6.67
"Madhya Pradesh","29/03/2020",60,30,2,0,28,2,6.67
"Madhya Pradesh","30/03/2020",61,47,3,0,44,3,6.38
"Madhya Pradesh","31/03/2020",62,47,3,0,44,3,6.38
"Madhya Pradesh","01/04/2020",63,66,3,0,63,3,4.55
"Madhya Pradesh","02/04/2020",64,99,6,0,93,6,6.06
"Madhya Pradesh","03/04/2020",65,104,6,0,98,6,5.77
"Madhya Pradesh","04/04/2020",66,104,6,0,98,6,5.77
"Madhya Pradesh","05/04/2020",67,165,9,0,156,9,5.45
"Madhya Pradesh","06/04/2020",68,165,9,0,156,9,5.45
"Madhya Pradesh","07/04/2020",69,229,13,0,216,13,5.68
"Madhya Pradesh","08/04/2020",70,229,13,0,216,13,5.68
"Maharashtra","30/01/2020",1,0,0,0,0,0,0
"Maharashtra","31/01/2020",2,0,0,0,0,0,0
"Maharashtra","01/02/2020",3,0,0,0,0,0,0
"Maharashtra","02/02/2020",4,0,0,0,0,0,0
"Maharashtra","03/02/2020",5,0,0,0,0,0,0
"Maharashtra","04/02/2020",6,0,0,0,0,0,0
"Maharashtra","05/02/2020",7,0,0,0,0,0,0
"Maharashtra","06/02/2020",8,0,0,0,0,0,0
"Maharashtra","07/02/2020",9,0,0,0,0,0,0
"Maharashtra","08/02/2020",10,0,0,0,0,0,0
"Maharashtra","09/02/2020",11,0,0,0,0,0,0
"Maharashtra","10/02/2020",12,0,0,0,0,0,0
"Maharashtra","11/02/2020",13,0,0,0,0,0,0
"Maharashtra","12/02/2020",14,0,0,0,0,0,0
"Maharashtra","13/02/2020",15,0,0,0,0,0,0
"Maharashtra","14/02/2020",16,0,0,0,0,0,0
"Maharashtra","15/02/2020",17,0,0,0,0,0,0
"Maharashtra","16/02/2020",18,0,0,0,0,0,0
"Maharashtra","17/02/2020",19,0,0,0,0,0,0
"Maharashtra","18/02/2020",20,0,0,0,0,0,0
"Maharashtra","19/02/2020",21,0,0,0,0,0,0
"Maharashtra","20/02/2020",22,0,0,0,0,0,0
"Maharashtra","21/02/2020",23,0,0,0,0,0,0
"Maharashtra","22/02/2020",24,0,0,0,0,0,0
"Maharashtra","23/02/2020",25,0,0,0,0,0,0
"Maharashtra","24/02/2020",26,0,0,0,0,0,0
"Maharashtra","25/02/2020",27,0,0,0,0,0,0
"Maharashtra","26/02/2020",28,0,0,0,0,0,0
"Maharashtra","27/02/2020",29,0,0,0,0,0,0
"Maharashtra","28/02/2020",30,0,0,0,0,0,0
"Maharashtra","29/02/2020",31,0,0,0,0,0,0
"Maharashtra","01/03/2020",32,0,0,0,0,0,0
"Maharashtra","02/03/2020",33,0,0,0,0,0,0
"Maharashtra","03/03/2020",34,0,0,0,0,0,0
"Maharashtra","04/03/2020",35,0,0,0,0,0,0
"Maharashtra","05/03/2020",36,0,0,0,0,0,0
"Maharashtra","06/03/2020",37,0,0,0,0,0,0
"Maharashtra","07/03/2020",38,0,0,0,0,0,0
"Maharashtra","08/03/2020",39,0,0,0,0,0,0
"Maharashtra","09/03/2020",40,2,0,0,2,0,0
"Maharashtra","10/03/2020",41,5,0,0,5,0,0
"Maharashtra","11/03/2020",42,2,0,0,2,0,0
"Maharashtra","12/03/2020",43,11,0,0,11,0,0
"Maharashtra","13/03/2020",44,14,0,0,14,0,0
"Maharashtra","14/03/2020",45,14,0,0,14,0,0
"Maharashtra","15/03/2020",46,32,0,0,32,0,0
"Maharashtra","16/03/2020",47,32,0,0,32,0,0
"Maharashtra","17/03/2020",48,39,1,0,38,1,2.56
"Maharashtra","18/03/2020",49,42,1,0,41,1,2.38
"Maharashtra","19/03/2020",50,47,1,0,46,1,2.13
"Maharashtra","20/03/2020",51,52,1,0,51,1,1.92
"Maharashtra","21/03/2020",52,63,1,0,62,1,1.59
"Maharashtra","22/03/2020",53,67,2,0,65,2,2.99
"Maharashtra","23/03/2020",54,74,2,0,72,2,2.7
"Maharashtra","24/03/2020",55,89,2,0,87,2,2.25
"Maharashtra","25/03/2020",56,128,3,1,124,4,2.34
"Maharashtra","26/03/2020",57,124,3,1,120,4,2.42
"Maharashtra","27/03/2020",58,130,4,15,111,19,3.08
"Maharashtra","28/03/2020",59,180,5,25,150,30,2.78
"Maharashtra","29/03/2020",60,186,6,25,155,31,3.23
"Maharashtra","30/03/2020",61,198,8,25,165,33,4.04
"Maharashtra","31/03/2020",62,216,9,39,168,48,4.17
"Maharashtra","01/04/2020",63,302,9,39,254,48,2.98
"Maharashtra","02/04/2020",64,335,13,42,280,55,3.88
"Maharashtra","03/04/2020",65,335,16,42,277,58,4.78
"Maharashtra","04/04/2020",66,490,24,42,424,66,4.9
"Maharashtra","05/04/2020",67,490,24,42,424,66,4.9
"Maharashtra","06/04/2020",68,748,45,56,647,101,6.02
"Maharashtra","07/04/2020",69,868,48,56,764,104,5.53
"Maharashtra","08/04/2020",70,1018,64,79,875,143,6.29
"Manipur","30/01/2020",1,0,0,0,0,0,0
"Manipur","31/01/2020",2,0,0,0,0,0,0
"Manipur","01/02/2020",3,0,0,0,0,0,0
"Manipur","02/02/2020",4,0,0,0,0,0,0
"Manipur","03/02/2020",5,0,0,0,0,0,0
"Manipur","04/02/2020",6,0,0,0,0,0,0
"Manipur","05/02/2020",7,0,0,0,0,0,0
"Manipur","06/02/2020",8,0,0,0,0,0,0
"Manipur","07/02/2020",9,0,0,0,0,0,0
"Manipur","08/02/2020",10,0,0,0,0,0,0
"Manipur","09/02/2020",11,0,0,0,0,0,0
"Manipur","10/02/2020",12,0,0,0,0,0,0
"Manipur","11/02/2020",13,0,0,0,0,0,0
"Manipur","12/02/2020",14,0,0,0,0,0,0
"Manipur","13/02/2020",15,0,0,0,0,0,0
"Manipur","14/02/2020",16,0,0,0,0,0,0
"Manipur","15/02/2020",17,0,0,0,0,0,0
"Manipur","16/02/2020",18,0,0,0,0,0,0
"Manipur","17/02/2020",19,0,0,0,0,0,0
"Manipur","18/02/2020",20,0,0,0,0,0,0
"Manipur","19/02/2020",21,0,0,0,0,0,0
"Manipur","20/02/2020",22,0,0,0,0,0,0
"Manipur","21/02/2020",23,0,0,0,0,0,0
"Manipur","22/02/2020",24,0,0,0,0,0,0
"Manipur","23/02/2020",25,0,0,0,0,0,0
"Manipur","24/02/2020",26,0,0,0,0,0,0
"Manipur","25/02/2020",27,0,0,0,0,0,0
"Manipur","26/02/2020",28,0,0,0,0,0,0
"Manipur","27/02/2020",29,0,0,0,0,0,0
"Manipur","28/02/2020",30,0,0,0,0,0,0
"Manipur","29/02/2020",31,0,0,0,0,0,0
"Manipur","01/03/2020",32,0,0,0,0,0,0
"Manipur","02/03/2020",33,0,0,0,0,0,0
"Manipur","03/03/2020",34,0,0,0,0,0,0
"Manipur","04/03/2020",35,0,0,0,0,0,0
"Manipur","05/03/2020",36,0,0,0,0,0,0
"Manipur","06/03/2020",37,0,0,0,0,0,0
"Manipur","07/03/2020",38,0,0,0,0,0,0
"Manipur","08/03/2020",39,0,0,0,0,0,0
"Manipur","09/03/2020",40,0,0,0,0,0,0
"Manipur","10/03/2020",41,0,0,0,0,0,0
"Manipur","11/03/2020",42,0,0,0,0,0,0
"Manipur","12/03/2020",43,0,0,0,0,0,0
"Manipur","13/03/2020",44,0,0,0,0,0,0
"Manipur","14/03/2020",45,0,0,0,0,0,0
"Manipur","15/03/2020",46,0,0,0,0,0,0
"Manipur","16/03/2020",47,0,0,0,0,0,0
"Manipur","17/03/2020",48,0,0,0,0,0,0
"Manipur","18/03/2020",49,0,0,0,0,0,0
"Manipur","19/03/2020",50,0,0,0,0,0,0
"Manipur","20/03/2020",51,0,0,0,0,0,0
"Manipur","21/03/2020",52,0,0,0,0,0,0
"Manipur","22/03/2020",53,0,0,0,0,0,0
"Manipur","23/03/2020",54,0,0,0,0,0,0
"Manipur","24/03/2020",55,1,0,0,1,0,0
"Manipur","25/03/2020",56,1,0,0,1,0,0
"Manipur","26/03/2020",57,1,0,0,1,0,0
"Manipur","27/03/2020",58,1,0,0,1,0,0
"Manipur","28/03/2020",59,1,0,0,1,0,0
"Manipur","29/03/2020",60,1,0,0,1,0,0
"Manipur","30/03/2020",61,1,0,0,1,0,0
"Manipur","31/03/2020",62,1,0,0,1,0,0
"Manipur","01/04/2020",63,1,0,0,1,0,0
"Manipur","02/04/2020",64,1,0,0,1,0,0
"Manipur","03/04/2020",65,2,0,0,2,0,0
"Manipur","04/04/2020",66,2,0,0,2,0,0
"Manipur","05/04/2020",67,2,0,0,2,0,0
"Manipur","06/04/2020",68,2,0,0,2,0,0
"Manipur","07/04/2020",69,2,0,0,2,0,0
"Manipur","08/04/2020",70,2,0,0,2,0,0
"Mizoram","30/01/2020",1,0,0,0,0,0,0
"Mizoram","31/01/2020",2,0,0,0,0,0,0
"Mizoram","01/02/2020",3,0,0,0,0,0,0
"Mizoram","02/02/2020",4,0,0,0,0,0,0
"Mizoram","03/02/2020",5,0,0,0,0,0,0
"Mizoram","04/02/2020",6,0,0,0,0,0,0
"Mizoram","05/02/2020",7,0,0,0,0,0,0
"Mizoram","06/02/2020",8,0,0,0,0,0,0
"Mizoram","07/02/2020",9,0,0,0,0,0,0
"Mizoram","08/02/2020",10,0,0,0,0,0,0
"Mizoram","09/02/2020",11,0,0,0,0,0,0
"Mizoram","10/02/2020",12,0,0,0,0,0,0
"Mizoram","11/02/2020",13,0,0,0,0,0,0
"Mizoram","12/02/2020",14,0,0,0,0,0,0
"Mizoram","13/02/2020",15,0,0,0,0,0,0
"Mizoram","14/02/2020",16,0,0,0,0,0,0
"Mizoram","15/02/2020",17,0,0,0,0,0,0
"Mizoram","16/02/2020",18,0,0,0,0,0,0
"Mizoram","17/02/2020",19,0,0,0,0,0,0
"Mizoram","18/02/2020",20,0,0,0,0,0,0
"Mizoram","19/02/2020",21,0,0,0,0,0,0
"Mizoram","20/02/2020",22,0,0,0,0,0,0
"Mizoram","21/02/2020",23,0,0,0,0,0,0
"Mizoram","22/02/2020",24,0,0,0,0,0,0
"Mizoram","23/02/2020",25,0,0,0,0,0,0
"Mizoram","24/02/2020",26,0,0,0,0,0,0
"Mizoram","25/02/2020",27,0,0,0,0,0,0
"Mizoram","26/02/2020",28,0,0,0,0,0,0
"Mizoram","27/02/2020",29,0,0,0,0,0,0
"Mizoram","28/02/2020",30,0,0,0,0,0,0
"Mizoram","29/02/2020",31,0,0,0,0,0,0
"Mizoram","01/03/2020",32,0,0,0,0,0,0
"Mizoram","02/03/2020",33,0,0,0,0,0,0
"Mizoram","03/03/2020",34,0,0,0,0,0,0
"Mizoram","04/03/2020",35,0,0,0,0,0,0
"Mizoram","05/03/2020",36,0,0,0,0,0,0
"Mizoram","06/03/2020",37,0,0,0,0,0,0
"Mizoram","07/03/2020",38,0,0,0,0,0,0
"Mizoram","08/03/2020",39,0,0,0,0,0,0
"Mizoram","09/03/2020",40,0,0,0,0,0,0
"Mizoram","10/03/2020",41,0,0,0,0,0,0
"Mizoram","11/03/2020",42,0,0,0,0,0,0
"Mizoram","12/03/2020",43,0,0,0,0,0,0
"Mizoram","13/03/2020",44,0,0,0,0,0,0
"Mizoram","14/03/2020",45,0,0,0,0,0,0
"Mizoram","15/03/2020",46,0,0,0,0,0,0
"Mizoram","16/03/2020",47,0,0,0,0,0,0
"Mizoram","17/03/2020",48,0,0,0,0,0,0
"Mizoram","18/03/2020",49,0,0,0,0,0,0
"Mizoram","19/03/2020",50,0,0,0,0,0,0
"Mizoram","20/03/2020",51,0,0,0,0,0,0
"Mizoram","21/03/2020",52,0,0,0,0,0,0
"Mizoram","22/03/2020",53,0,0,0,0,0,0
"Mizoram","23/03/2020",54,0,0,0,0,0,0
"Mizoram","24/03/2020",55,0,0,0,0,0,0
"Mizoram","25/03/2020",56,1,0,0,1,0,0
"Mizoram","26/03/2020",57,1,0,0,1,0,0
"Mizoram","27/03/2020",58,1,0,0,1,0,0
"Mizoram","28/03/2020",59,1,0,0,1,0,0
"Mizoram","29/03/2020",60,1,0,0,1,0,0
"Mizoram","30/03/2020",61,1,0,0,1,0,0
"Mizoram","31/03/2020",62,1,0,0,1,0,0
"Mizoram","01/04/2020",63,1,0,0,1,0,0
"Mizoram","02/04/2020",64,1,0,0,1,0,0
"Mizoram","03/04/2020",65,1,0,0,1,0,0
"Mizoram","04/04/2020",66,1,0,0,1,0,0
"Mizoram","05/04/2020",67,1,0,0,1,0,0
"Mizoram","06/04/2020",68,1,0,0,1,0,0
"Mizoram","07/04/2020",69,1,0,0,1,0,0
"Mizoram","08/04/2020",70,1,0,0,1,0,0
"Odisha","30/01/2020",1,0,0,0,0,0,0
"Odisha","31/01/2020",2,0,0,0,0,0,0
"Odisha","01/02/2020",3,0,0,0,0,0,0
"Odisha","02/02/2020",4,0,0,0,0,0,0
"Odisha","03/02/2020",5,0,0,0,0,0,0
"Odisha","04/02/2020",6,0,0,0,0,0,0
"Odisha","05/02/2020",7,0,0,0,0,0,0
"Odisha","06/02/2020",8,0,0,0,0,0,0
"Odisha","07/02/2020",9,0,0,0,0,0,0
"Odisha","08/02/2020",10,0,0,0,0,0,0
"Odisha","09/02/2020",11,0,0,0,0,0,0
"Odisha","10/02/2020",12,0,0,0,0,0,0
"Odisha","11/02/2020",13,0,0,0,0,0,0
"Odisha","12/02/2020",14,0,0,0,0,0,0
"Odisha","13/02/2020",15,0,0,0,0,0,0
"Odisha","14/02/2020",16,0,0,0,0,0,0
"Odisha","15/02/2020",17,0,0,0,0,0,0
"Odisha","16/02/2020",18,0,0,0,0,0,0
"Odisha","17/02/2020",19,0,0,0,0,0,0
"Odisha","18/02/2020",20,0,0,0,0,0,0
"Odisha","19/02/2020",21,0,0,0,0,0,0
"Odisha","20/02/2020",22,0,0,0,0,0,0
"Odisha","21/02/2020",23,0,0,0,0,0,0
"Odisha","22/02/2020",24,0,0,0,0,0,0
"Odisha","23/02/2020",25,0,0,0,0,0,0
"Odisha","24/02/2020",26,0,0,0,0,0,0
"Odisha","25/02/2020",27,0,0,0,0,0,0
"Odisha","26/02/2020",28,0,0,0,0,0,0
"Odisha","27/02/2020",29,0,0,0,0,0,0
"Odisha","28/02/2020",30,0,0,0,0,0,0
"Odisha","29/02/2020",31,0,0,0,0,0,0
"Odisha","01/03/2020",32,0,0,0,0,0,0
"Odisha","02/03/2020",33,0,0,0,0,0,0
"Odisha","03/03/2020",34,0,0,0,0,0,0
"Odisha","04/03/2020",35,0,0,0,0,0,0
"Odisha","05/03/2020",36,0,0,0,0,0,0
"Odisha","06/03/2020",37,0,0,0,0,0,0
"Odisha","07/03/2020",38,0,0,0,0,0,0
"Odisha","08/03/2020",39,0,0,0,0,0,0
"Odisha","09/03/2020",40,0,0,0,0,0,0
"Odisha","10/03/2020",41,0,0,0,0,0,0
"Odisha","11/03/2020",42,0,0,0,0,0,0
"Odisha","12/03/2020",43,0,0,0,0,0,0
"Odisha","13/03/2020",44,0,0,0,0,0,0
"Odisha","14/03/2020",45,0,0,0,0,0,0
"Odisha","15/03/2020",46,0,0,0,0,0,0
"Odisha","16/03/2020",47,1,0,0,1,0,0
"Odisha","17/03/2020",48,1,0,0,1,0,0
"Odisha","18/03/2020",49,1,0,0,1,0,0
"Odisha","19/03/2020",50,1,0,0,1,0,0
"Odisha","20/03/2020",51,2,0,0,2,0,0
"Odisha","21/03/2020",52,2,0,0,2,0,0
"Odisha","22/03/2020",53,2,0,0,2,0,0
"Odisha","23/03/2020",54,2,0,0,2,0,0
"Odisha","24/03/2020",55,2,0,0,2,0,0
"Odisha","25/03/2020",56,2,0,0,2,0,0
"Odisha","26/03/2020",57,2,0,0,2,0,0
"Odisha","27/03/2020",58,2,0,0,2,0,0
"Odisha","28/03/2020",59,3,0,0,3,0,0
"Odisha","29/03/2020",60,3,0,0,3,0,0
"Odisha","30/03/2020",61,3,0,0,3,0,0
"Odisha","31/03/2020",62,3,0,0,3,0,0
"Odisha","01/04/2020",63,4,0,0,4,0,0
"Odisha","02/04/2020",64,4,0,0,4,0,0
"Odisha","03/04/2020",65,5,0,0,5,0,0
"Odisha","04/04/2020",66,5,0,0,5,0,0
"Odisha","05/04/2020",67,20,0,0,20,0,0
"Odisha","06/04/2020",68,21,0,2,19,2,0
"Odisha","07/04/2020",69,42,1,2,39,3,2.38
"Odisha","08/04/2020",70,42,1,2,39,3,2.38
"Puducherry","30/01/2020",1,0,0,0,0,0,0
"Puducherry","31/01/2020",2,0,0,0,0,0,0
"Puducherry","01/02/2020",3,0,0,0,0,0,0
"Puducherry","02/02/2020",4,0,0,0,0,0,0
"Puducherry","03/02/2020",5,0,0,0,0,0,0
"Puducherry","04/02/2020",6,0,0,0,0,0,0
"Puducherry","05/02/2020",7,0,0,0,0,0,0
"Puducherry","06/02/2020",8,0,0,0,0,0,0
"Puducherry","07/02/2020",9,0,0,0,0,0,0
"Puducherry","08/02/2020",10,0,0,0,0,0,0
"Puducherry","09/02/2020",11,0,0,0,0,0,0
"Puducherry","10/02/2020",12,0,0,0,0,0,0
"Puducherry","11/02/2020",13,0,0,0,0,0,0
"Puducherry","12/02/2020",14,0,0,0,0,0,0
"Puducherry","13/02/2020",15,0,0,0,0,0,0
"Puducherry","14/02/2020",16,0,0,0,0,0,0
"Puducherry","15/02/2020",17,0,0,0,0,0,0
"Puducherry","16/02/2020",18,0,0,0,0,0,0
"Puducherry","17/02/2020",19,0,0,0,0,0,0
"Puducherry","18/02/2020",20,0,0,0,0,0,0
"Puducherry","19/02/2020",21,0,0,0,0,0,0
"Puducherry","20/02/2020",22,0,0,0,0,0,0
"Puducherry","21/02/2020",23,0,0,0,0,0,0
"Puducherry","22/02/2020",24,0,0,0,0,0,0
"Puducherry","23/02/2020",25,0,0,0,0,0,0
"Puducherry","24/02/2020",26,0,0,0,0,0,0
"Puducherry","25/02/2020",27,0,0,0,0,0,0
"Puducherry","26/02/2020",28,0,0,0,0,0,0
"Puducherry","27/02/2020",29,0,0,0,0,0,0
"Puducherry","28/02/2020",30,0,0,0,0,0,0
"Puducherry","29/02/2020",31,0,0,0,0,0,0
"Puducherry","01/03/2020",32,0,0,0,0,0,0
"Puducherry","02/03/2020",33,0,0,0,0,0,0
"Puducherry","03/03/2020",34,0,0,0,0,0,0
"Puducherry","04/03/2020",35,0,0,0,0,0,0
"Puducherry","05/03/2020",36,0,0,0,0,0,0
"Puducherry","06/03/2020",37,0,0,0,0,0,0
"Puducherry","07/03/2020",38,0,0,0,0,0,0
"Puducherry","08/03/2020",39,0,0,0,0,0,0
"Puducherry","09/03/2020",40,0,0,0,0,0,0
"Puducherry","10/03/2020",41,0,0,0,0,0,0
"Puducherry","11/03/2020",42,0,0,0,0,0,0
"Puducherry","12/03/2020",43,0,0,0,0,0,0
"Puducherry","13/03/2020",44,0,0,0,0,0,0
"Puducherry","14/03/2020",45,0,0,0,0,0,0
"Puducherry","15/03/2020",46,0,0,0,0,0,0
"Puducherry","16/03/2020",47,0,0,0,0,0,0
"Puducherry","17/03/2020",48,0,0,0,0,0,0
"Puducherry","18/03/2020",49,1,0,0,1,0,0
"Puducherry","19/03/2020",50,1,0,0,1,0,0
"Puducherry","20/03/2020",51,1,0,0,1,0,0
"Puducherry","21/03/2020",52,1,0,0,1,0,0
"Puducherry","22/03/2020",53,1,0,0,1,0,0
"Puducherry","23/03/2020",54,1,0,0,1,0,0
"Puducherry","24/03/2020",55,1,0,0,1,0,0
"Puducherry","25/03/2020",56,1,0,0,1,0,0
"Puducherry","26/03/2020",57,1,0,0,1,0,0
"Puducherry","27/03/2020",58,1,0,0,1,0,0
"Puducherry","28/03/2020",59,1,0,0,1,0,0
"Puducherry","29/03/2020",60,1,0,0,1,0,0
"Puducherry","30/03/2020",61,1,0,0,1,0,0
"Puducherry","31/03/2020",62,1,0,0,1,0,0
"Puducherry","01/04/2020",63,3,0,1,2,1,0
"Puducherry","02/04/2020",64,3,0,1,2,1,0
"Puducherry","03/04/2020",65,5,0,1,4,1,0
"Puducherry","04/04/2020",66,5,0,1,4,1,0
"Puducherry","05/04/2020",67,5,0,1,4,1,0
"Puducherry","06/04/2020",68,5,0,1,4,1,0
"Puducherry","07/04/2020",69,5,0,1,4,1,0
"Puducherry","08/04/2020",70,5,0,1,4,1,0
"Punjab","30/01/2020",1,0,0,0,0,0,0
"Punjab","31/01/2020",2,0,0,0,0,0,0
"Punjab","01/02/2020",3,0,0,0,0,0,0
"Punjab","02/02/2020",4,0,0,0,0,0,0
"Punjab","03/02/2020",5,0,0,0,0,0,0
"Punjab","04/02/2020",6,0,0,0,0,0,0
"Punjab","05/02/2020",7,0,0,0,0,0,0
"Punjab","06/02/2020",8,0,0,0,0,0,0
"Punjab","07/02/2020",9,0,0,0,0,0,0
"Punjab","08/02/2020",10,0,0,0,0,0,0
"Punjab","09/02/2020",11,0,0,0,0,0,0
"Punjab","10/02/2020",12,0,0,0,0,0,0
"Punjab","11/02/2020",13,0,0,0,0,0,0
"Punjab","12/02/2020",14,0,0,0,0,0,0
"Punjab","13/02/2020",15,0,0,0,0,0,0
"Punjab","14/02/2020",16,0,0,0,0,0,0
"Punjab","15/02/2020",17,0,0,0,0,0,0
"Punjab","16/02/2020",18,0,0,0,0,0,0
"Punjab","17/02/2020",19,0,0,0,0,0,0
"Punjab","18/02/2020",20,0,0,0,0,0,0
"Punjab","19/02/2020",21,0,0,0,0,0,0
"Punjab","20/02/2020",22,0,0,0,0,0,0
"Punjab","21/02/2020",23,0,0,0,0,0,0
"Punjab","22/02/2020",24,0,0,0,0,0,0
"Punjab","23/02/2020",25,0,0,0,0,0,0
"Punjab","24/02/2020",26,0,0,0,0,0,0
"Punjab","25/02/2020",27,0,0,0,0,0,0
"Punjab","26/02/2020",28,0,0,0,0,0,0
"Punjab","27/02/2020",29,0,0,0,0,0,0
"Punjab","28/02/2020",30,0,0,0,0,0,0
"Punjab","29/02/2020",31,0,0,0,0,0,0
"Punjab","01/03/2020",32,0,0,0,0,0,0
"Punjab","02/03/2020",33,0,0,0,0,0,0
"Punjab","03/03/2020",34,0,0,0,0,0,0
"Punjab","04/03/2020",35,0,0,0,0,0,0
"Punjab","05/03/2020",36,0,0,0,0,0,0
"Punjab","06/03/2020",37,0,0,0,0,0,0
"Punjab","07/03/2020",38,0,0,0,0,0,0
"Punjab","08/03/2020",39,0,0,0,0,0,0
"Punjab","09/03/2020",40,1,0,0,1,0,0
"Punjab","10/03/2020",41,1,0,0,1,0,0
"Punjab","11/03/2020",42,1,0,0,1,0,0
"Punjab","12/03/2020",43,1,0,0,1,0,0
"Punjab","13/03/2020",44,1,0,0,1,0,0
"Punjab","14/03/2020",45,1,0,0,1,0,0
"Punjab","15/03/2020",46,1,0,0,1,0,0
"Punjab","16/03/2020",47,1,0,0,1,0,0
"Punjab","17/03/2020",48,1,0,0,1,0,0
"Punjab","18/03/2020",49,1,0,0,1,0,0
"Punjab","19/03/2020",50,2,1,0,1,1,50
"Punjab","20/03/2020",51,2,1,0,1,1,50
"Punjab","21/03/2020",52,13,1,0,12,1,7.69
"Punjab","22/03/2020",53,21,1,0,20,1,4.76
"Punjab","23/03/2020",54,21,1,0,20,1,4.76
"Punjab","24/03/2020",55,29,1,0,28,1,3.45
"Punjab","25/03/2020",56,29,1,0,28,1,3.45
"Punjab","26/03/2020",57,33,1,0,32,1,3.03
"Punjab","27/03/2020",58,33,1,0,32,1,3.03
"Punjab","28/03/2020",59,38,1,1,36,2,2.63
"Punjab","29/03/2020",60,38,1,1,36,2,2.63
"Punjab","30/03/2020",61,38,1,1,36,2,2.63
"Punjab","31/03/2020",62,41,3,1,37,4,7.32
"Punjab","01/04/2020",63,42,3,1,38,4,7.14
"Punjab","02/04/2020",64,46,4,1,41,5,8.7
"Punjab","03/04/2020",65,48,5,1,42,6,10.42
"Punjab","04/04/2020",66,57,5,1,51,6,8.77
"Punjab","05/04/2020",67,57,5,1,51,6,8.77
"Punjab","06/04/2020",68,76,6,4,66,10,7.89
"Punjab","07/04/2020",69,91,7,4,80,11,7.69
"Punjab","08/04/2020",70,91,7,4,80,11,7.69
"Rajasthan","30/01/2020",1,0,0,0,0,0,0
"Rajasthan","31/01/2020",2,0,0,0,0,0,0
"Rajasthan","01/02/2020",3,0,0,0,0,0,0
"Rajasthan","02/02/2020",4,0,0,0,0,0,0
"Rajasthan","03/02/2020",5,0,0,0,0,0,0
"Rajasthan","04/02/2020",6,0,0,0,0,0,0
"Rajasthan","05/02/2020",7,0,0,0,0,0,0
"Rajasthan","06/02/2020",8,0,0,0,0,0,0
"Rajasthan","07/02/2020",9,0,0,0,0,0,0
"Rajasthan","08/02/2020",10,0,0,0,0,0,0
"Rajasthan","09/02/2020",11,0,0,0,0,0,0
"Rajasthan","10/02/2020",12,0,0,0,0,0,0
"Rajasthan","11/02/2020",13,0,0,0,0,0,0
"Rajasthan","12/02/2020",14,0,0,0,0,0,0
"Rajasthan","13/02/2020",15,0,0,0,0,0,0
"Rajasthan","14/02/2020",16,0,0,0,0,0,0
"Rajasthan","15/02/2020",17,0,0,0,0,0,0
"Rajasthan","16/02/2020",18,0,0,0,0,0,0
"Rajasthan","17/02/2020",19,0,0,0,0,0,0
"Rajasthan","18/02/2020",20,0,0,0,0,0,0
"Rajasthan","19/02/2020",21,0,0,0,0,0,0
"Rajasthan","20/02/2020",22,0,0,0,0,0,0
"Rajasthan","21/02/2020",23,0,0,0,0,0,0
"Rajasthan","22/02/2020",24,0,0,0,0,0,0
"Rajasthan","23/02/2020",25,0,0,0,0,0,0
"Rajasthan","24/02/2020",26,0,0,0,0,0,0
"Rajasthan","25/02/2020",27,0,0,0,0,0,0
"Rajasthan","26/02/2020",28,0,0,0,0,0,0
"Rajasthan","27/02/2020",29,0,0,0,0,0,0
"Rajasthan","28/02/2020",30,0,0,0,0,0,0
"Rajasthan","29/02/2020",31,0,0,0,0,0,0
"Rajasthan","01/03/2020",32,0,0,0,0,0,0
"Rajasthan","02/03/2020",33,0,0,0,0,0,0
"Rajasthan","03/03/2020",34,1,0,0,1,0,0
"Rajasthan","04/03/2020",35,15,0,0,15,0,0
"Rajasthan","05/03/2020",36,15,0,0,15,0,0
"Rajasthan","06/03/2020",37,15,0,0,15,0,0
"Rajasthan","07/03/2020",38,15,0,0,15,0,0
"Rajasthan","08/03/2020",39,15,0,0,15,0,0
"Rajasthan","09/03/2020",40,15,0,0,15,0,0
"Rajasthan","10/03/2020",41,15,0,0,15,0,0
"Rajasthan","11/03/2020",42,3,0,0,3,0,0
"Rajasthan","12/03/2020",43,3,0,0,3,0,0
"Rajasthan","13/03/2020",44,3,0,0,3,0,0
"Rajasthan","14/03/2020",45,3,0,1,2,1,0
"Rajasthan","15/03/2020",46,4,0,3,1,3,0
"Rajasthan","16/03/2020",47,4,0,3,1,3,0
"Rajasthan","17/03/2020",48,4,0,3,1,3,0
"Rajasthan","18/03/2020",49,4,0,3,1,3,0
"Rajasthan","19/03/2020",50,7,0,3,4,3,0
"Rajasthan","20/03/2020",51,17,0,3,14,3,0
"Rajasthan","21/03/2020",52,17,0,3,14,3,0
"Rajasthan","22/03/2020",53,24,0,3,21,3,0
"Rajasthan","23/03/2020",54,28,0,3,25,3,0
"Rajasthan","24/03/2020",55,32,0,3,29,3,0
"Rajasthan","25/03/2020",56,36,0,3,33,3,0
"Rajasthan","26/03/2020",57,41,0,3,38,3,0
"Rajasthan","27/03/2020",58,41,0,3,38,3,0
"Rajasthan","28/03/2020",59,54,0,3,51,3,0
"Rajasthan","29/03/2020",60,55,0,3,52,3,0
"Rajasthan","30/03/2020",61,59,0,3,56,3,0
"Rajasthan","31/03/2020",62,74,0,3,71,3,0
"Rajasthan","01/04/2020",63,93,0,3,90,3,0
"Rajasthan","02/04/2020",64,108,0,3,105,3,0
"Rajasthan","03/04/2020",65,167,0,3,164,3,0
"Rajasthan","04/04/2020",66,200,0,21,179,21,0
"Rajasthan","05/04/2020",67,200,0,21,179,21,0
"Rajasthan","06/04/2020",68,274,0,21,253,21,0
"Rajasthan","07/04/2020",69,288,3,21,264,24,1.04
"Rajasthan","08/04/2020",70,328,3,21,304,24,0.91
"Tamil Nadu","30/01/2020",1,0,0,0,0,0,0
"Tamil Nadu","31/01/2020",2,0,0,0,0,0,0
"Tamil Nadu","01/02/2020",3,0,0,0,0,0,0
"Tamil Nadu","02/02/2020",4,0,0,0,0,0,0
"Tamil Nadu","03/02/2020",5,0,0,0,0,0,0
"Tamil Nadu","04/02/2020",6,0,0,0,0,0,0
"Tamil Nadu","05/02/2020",7,0,0,0,0,0,0
"Tamil Nadu","06/02/2020",8,0,0,0,0,0,0
"Tamil Nadu","07/02/2020",9,0,0,0,0,0,0
"Tamil Nadu","08/02/2020",10,0,0,0,0,0,0
"Tamil Nadu","09/02/2020",11,0,0,0,0,0,0
"Tamil Nadu","10/02/2020",12,0,0,0,0,0,0
"Tamil Nadu","11/02/2020",13,0,0,0,0,0,0
"Tamil Nadu","12/02/2020",14,0,0,0,0,0,0
"Tamil Nadu","13/02/2020",15,0,0,0,0,0,0
"Tamil Nadu","14/02/2020",16,0,0,0,0,0,0
"Tamil Nadu","15/02/2020",17,0,0,0,0,0,0
"Tamil Nadu","16/02/2020",18,0,0,0,0,0,0
"Tamil Nadu","17/02/2020",19,0,0,0,0,0,0
"Tamil Nadu","18/02/2020",20,0,0,0,0,0,0
"Tamil Nadu","19/02/2020",21,0,0,0,0,0,0
"Tamil Nadu","20/02/2020",22,0,0,0,0,0,0
"Tamil Nadu","21/02/2020",23,0,0,0,0,0,0
"Tamil Nadu","22/02/2020",24,0,0,0,0,0,0
"Tamil Nadu","23/02/2020",25,0,0,0,0,0,0
"Tamil Nadu","24/02/2020",26,0,0,0,0,0,0
"Tamil Nadu","25/02/2020",27,0,0,0,0,0,0
"Tamil Nadu","26/02/2020",28,0,0,0,0,0,0
"Tamil Nadu","27/02/2020",29,0,0,0,0,0,0
"Tamil Nadu","28/02/2020",30,0,0,0,0,0,0
"Tamil Nadu","29/02/2020",31,0,0,0,0,0,0
"Tamil Nadu","01/03/2020",32,0,0,0,0,0,0
"Tamil Nadu","02/03/2020",33,0,0,0,0,0,0
"Tamil Nadu","03/03/2020",34,0,0,0,0,0,0
"Tamil Nadu","04/03/2020",35,0,0,0,0,0,0
"Tamil Nadu","05/03/2020",36,0,0,0,0,0,0
"Tamil Nadu","06/03/2020",37,0,0,0,0,0,0
"Tamil Nadu","07/03/2020",38,1,0,0,1,0,0
"Tamil Nadu","08/03/2020",39,1,0,0,1,0,0
"Tamil Nadu","09/03/2020",40,1,0,0,1,0,0
"Tamil Nadu","10/03/2020",41,1,0,0,1,0,0
"Tamil Nadu","11/03/2020",42,1,0,0,1,0,0
"Tamil Nadu","12/03/2020",43,1,0,0,1,0,0
"Tamil Nadu","13/03/2020",44,1,0,0,1,0,0
"Tamil Nadu","14/03/2020",45,1,0,0,1,0,0
"Tamil Nadu","15/03/2020",46,1,0,0,1,0,0
"Tamil Nadu","16/03/2020",47,1,0,0,1,0,0
"Tamil Nadu","17/03/2020",48,1,0,0,1,0,0
"Tamil Nadu","18/03/2020",49,1,0,0,1,0,0
"Tamil Nadu","19/03/2020",50,2,0,1,1,1,0
"Tamil Nadu","20/03/2020",51,3,0,1,2,1,0
"Tamil Nadu","21/03/2020",52,3,0,1,2,1,0
"Tamil Nadu","22/03/2020",53,7,0,1,6,1,0
"Tamil Nadu","23/03/2020",54,9,0,1,8,1,0
"Tamil Nadu","24/03/2020",55,15,0,1,14,1,0
"Tamil Nadu","25/03/2020",56,18,0,1,17,1,0
"Tamil Nadu","26/03/2020",57,26,1,1,24,2,3.85
"Tamil Nadu","27/03/2020",58,29,1,1,27,2,3.45
"Tamil Nadu","28/03/2020",59,40,1,2,37,3,2.5
"Tamil Nadu","29/03/2020",60,49,1,4,44,5,2.04
"Tamil Nadu","30/03/2020",61,67,1,4,62,5,1.49
"Tamil Nadu","31/03/2020",62,74,1,4,69,5,1.35
"Tamil Nadu","01/04/2020",63,234,1,6,227,7,0.43
"Tamil Nadu","02/04/2020",64,234,1,6,227,7,0.43
"Tamil Nadu","03/04/2020",65,309,1,6,302,7,0.32
"Tamil Nadu","04/04/2020",66,411,2,6,403,8,0.49
"Tamil Nadu","05/04/2020",67,485,3,6,476,9,0.62
"Tamil Nadu","06/04/2020",68,571,5,8,558,13,0.88
"Tamil Nadu","07/04/2020",69,621,5,8,608,13,0.81
"Tamil Nadu","08/04/2020",70,690,7,19,664,26,1.01
"Telengana","30/01/2020",1,0,0,0,0,0,0
"Telengana","31/01/2020",2,0,0,0,0,0,0
"Telengana","01/02/2020",3,0,0,0,0,0,0
"Telengana","02/02/2020",4,0,0,0,0,0,0
"Telengana","03/02/2020",5,0,0,0,0,0,0
"Telengana","04/02/2020",6,0,0,0,0,0,0
"Telengana","05/02/2020",7,0,0,0,0,0,0
"Telengana","06/02/2020",8,0,0,0,0,0,0
"Telengana","07/02/2020",9,0,0,0,0,0,0
"Telengana","08/02/2020",10,0,0,0,0,0,0
"Telengana","09/02/2020",11,0,0,0,0,0,0
"Telengana","10/02/2020",12,0,0,0,0,0,0
"Telengana","11/02/2020",13,0,0,0,0,0,0
"Telengana","12/02/2020",14,0,0,0,0,0,0
"Telengana","13/02/2020",15,0,0,0,0,0,0
"Telengana","14/02/2020",16,0,0,0,0,0,0
"Telengana","15/02/2020",17,0,0,0,0,0,0
"Telengana","16/02/2020",18,0,0,0,0,0,0
"Telengana","17/02/2020",19,0,0,0,0,0,0
"Telengana","18/02/2020",20,0,0,0,0,0,0
"Telengana","19/02/2020",21,0,0,0,0,0,0
"Telengana","20/02/2020",22,0,0,0,0,0,0
"Telengana","21/02/2020",23,0,0,0,0,0,0
"Telengana","22/02/2020",24,0,0,0,0,0,0
"Telengana","23/02/2020",25,0,0,0,0,0,0
"Telengana","24/02/2020",26,0,0,0,0,0,0
"Telengana","25/02/2020",27,0,0,0,0,0,0
"Telengana","26/02/2020",28,0,0,0,0,0,0
"Telengana","27/02/2020",29,0,0,0,0,0,0
"Telengana","28/02/2020",30,0,0,0,0,0,0
"Telengana","29/02/2020",31,0,0,0,0,0,0
"Telengana","01/03/2020",32,0,0,0,0,0,0
"Telengana","02/03/2020",33,1,0,0,1,0,0
"Telengana","03/03/2020",34,1,0,0,1,0,0
"Telengana","04/03/2020",35,1,0,0,1,0,0
"Telengana","05/03/2020",36,1,0,0,1,0,0
"Telengana","06/03/2020",37,1,0,0,1,0,0
"Telengana","07/03/2020",38,1,0,0,1,0,0
"Telengana","08/03/2020",39,1,0,0,1,0,0
"Telengana","09/03/2020",40,1,0,0,1,0,0
"Telengana","10/03/2020",41,1,0,0,1,0,0
"Telengana","11/03/2020",42,1,0,0,1,0,0
"Telengana","12/03/2020",43,1,0,0,1,0,0
"Telengana","13/03/2020",44,1,0,0,1,0,0
"Telengana","14/03/2020",45,1,0,0,1,0,0
"Telengana","15/03/2020",46,3,0,1,2,1,0
"Telengana","16/03/2020",47,3,0,1,2,1,0
"Telengana","17/03/2020",48,5,0,1,4,1,0
"Telengana","18/03/2020",49,6,0,1,5,1,0
"Telengana","19/03/2020",50,6,0,1,5,1,0
"Telengana","20/03/2020",51,17,0,1,16,1,0
"Telengana","21/03/2020",52,21,0,1,20,1,0
"Telengana","22/03/2020",53,22,0,1,21,1,0
"Telengana","23/03/2020",54,32,0,1,31,1,0
"Telengana","24/03/2020",55,35,0,1,34,1,0
"Telengana","25/03/2020",56,35,0,1,34,1,0
"Telengana","26/03/2020",57,44,0,1,43,1,0
"Telengana","27/03/2020",58,45,0,1,44,1,0
"Telengana","28/03/2020",59,56,0,1,55,1,0
"Telengana","29/03/2020",60,66,1,1,64,2,1.52
"Telengana","30/03/2020",61,71,1,1,69,2,1.41
"Telengana","31/03/2020",62,79,1,1,77,2,1.27
"Telengana","01/04/2020",63,96,3,1,92,4,3.12
"Telengana","02/04/2020",64,107,3,1,103,4,2.8
"Telengana","03/04/2020",65,158,7,1,150,8,4.43
"Telengana","04/04/2020",66,159,7,1,151,8,4.4
"Telengana","05/04/2020",67,269,7,32,230,39,2.6
"Telengana","06/04/2020",68,321,7,34,280,41,2.18
"Telengana","07/04/2020",69,364,7,35,322,42,1.92
"Telengana","08/04/2020",70,364,7,35,322,42,1.92
"Tripura","30/01/2020",1,0,0,0,0,0,0
"Tripura","31/01/2020",2,0,0,0,0,0,0
"Tripura","01/02/2020",3,0,0,0,0,0,0
"Tripura","02/02/2020",4,0,0,0,0,0,0
"Tripura","03/02/2020",5,0,0,0,0,0,0
"Tripura","04/02/2020",6,0,0,0,0,0,0
"Tripura","05/02/2020",7,0,0,0,0,0,0
"Tripura","06/02/2020",8,0,0,0,0,0,0
"Tripura","07/02/2020",9,0,0,0,0,0,0
"Tripura","08/02/2020",10,0,0,0,0,0,0
"Tripura","09/02/2020",11,0,0,0,0,0,0
"Tripura","10/02/2020",12,0,0,0,0,0,0
"Tripura","11/02/2020",13,0,0,0,0,0,0
"Tripura","12/02/2020",14,0,0,0,0,0,0
"Tripura","13/02/2020",15,0,0,0,0,0,0
"Tripura","14/02/2020",16,0,0,0,0,0,0
"Tripura","15/02/2020",17,0,0,0,0,0,0
"Tripura","16/02/2020",18,0,0,0,0,0,0
"Tripura","17/02/2020",19,0,0,0,0,0,0
"Tripura","18/02/2020",20,0,0,0,0,0,0
"Tripura","19/02/2020",21,0,0,0,0,0,0
"Tripura","20/02/2020",22,0,0,0,0,0,0
"Tripura","21/02/2020",23,0,0,0,0,0,0
"Tripura","22/02/2020",24,0,0,0,0,0,0
"Tripura","23/02/2020",25,0,0,0,0,0,0
"Tripura","24/02/2020",26,0,0,0,0,0,0
"Tripura","25/02/2020",27,0,0,0,0,0,0
"Tripura","26/02/2020",28,0,0,0,0,0,0
"Tripura","27/02/2020",29,0,0,0,0,0,0
"Tripura","28/02/2020",30,0,0,0,0,0,0
"Tripura","29/02/2020",31,0,0,0,0,0,0
"Tripura","01/03/2020",32,0,0,0,0,0,0
"Tripura","02/03/2020",33,0,0,0,0,0,0
"Tripura","03/03/2020",34,0,0,0,0,0,0
"Tripura","04/03/2020",35,0,0,0,0,0,0
"Tripura","05/03/2020",36,0,0,0,0,0,0
"Tripura","06/03/2020",37,0,0,0,0,0,0
"Tripura","07/03/2020",38,0,0,0,0,0,0
"Tripura","08/03/2020",39,0,0,0,0,0,0
"Tripura","09/03/2020",40,0,0,0,0,0,0
"Tripura","10/03/2020",41,0,0,0,0,0,0
"Tripura","11/03/2020",42,0,0,0,0,0,0
"Tripura","12/03/2020",43,0,0,0,0,0,0
"Tripura","13/03/2020",44,0,0,0,0,0,0
"Tripura","14/03/2020",45,0,0,0,0,0,0
"Tripura","15/03/2020",46,0,0,0,0,0,0
"Tripura","16/03/2020",47,0,0,0,0,0,0
"Tripura","17/03/2020",48,0,0,0,0,0,0
"Tripura","18/03/2020",49,0,0,0,0,0,0
"Tripura","19/03/2020",50,0,0,0,0,0,0
"Tripura","20/03/2020",51,0,0,0,0,0,0
"Tripura","21/03/2020",52,0,0,0,0,0,0
"Tripura","22/03/2020",53,0,0,0,0,0,0
"Tripura","23/03/2020",54,0,0,0,0,0,0
"Tripura","24/03/2020",55,0,0,0,0,0,0
"Tripura","25/03/2020",56,0,0,0,0,0,0
"Tripura","26/03/2020",57,0,0,0,0,0,0
"Tripura","27/03/2020",58,0,0,0,0,0,0
"Tripura","28/03/2020",59,0,0,0,0,0,0
"Tripura","29/03/2020",60,0,0,0,0,0,0
"Tripura","30/03/2020",61,0,0,0,0,0,0
"Tripura","31/03/2020",62,0,0,0,0,0,0
"Tripura","01/04/2020",63,0,0,0,0,0,0
"Tripura","02/04/2020",64,0,0,0,0,0,0
"Tripura","03/04/2020",65,0,0,0,0,0,0
"Tripura","04/04/2020",66,0,0,0,0,0,0
"Tripura","05/04/2020",67,0,0,0,0,0,0
"Tripura","06/04/2020",68,0,0,0,0,0,0
"Tripura","07/04/2020",69,1,0,0,1,0,0
"Tripura","08/04/2020",70,1,0,0,1,0,0
"Uttar Pradesh","30/01/2020",1,0,0,0,0,0,0
"Uttar Pradesh","31/01/2020",2,0,0,0,0,0,0
"Uttar Pradesh","01/02/2020",3,0,0,0,0,0,0
"Uttar Pradesh","02/02/2020",4,0,0,0,0,0,0
"Uttar Pradesh","03/02/2020",5,0,0,0,0,0,0
"Uttar Pradesh","04/02/2020",6,0,0,0,0,0,0
"Uttar Pradesh","05/02/2020",7,0,0,0,0,0,0
"Uttar Pradesh","06/02/2020",8,0,0,0,0,0,0
"Uttar Pradesh","07/02/2020",9,0,0,0,0,0,0
"Uttar Pradesh","08/02/2020",10,0,0,0,0,0,0
"Uttar Pradesh","09/02/2020",11,0,0,0,0,0,0
"Uttar Pradesh","10/02/2020",12,0,0,0,0,0,0
"Uttar Pradesh","11/02/2020",13,0,0,0,0,0,0
"Uttar Pradesh","12/02/2020",14,0,0,0,0,0,0
"Uttar Pradesh","13/02/2020",15,0,0,0,0,0,0
"Uttar Pradesh","14/02/2020",16,0,0,0,0,0,0
"Uttar Pradesh","15/02/2020",17,0,0,0,0,0,0
"Uttar Pradesh","16/02/2020",18,0,0,0,0,0,0
"Uttar Pradesh","17/02/2020",19,0,0,0,0,0,0
"Uttar Pradesh","18/02/2020",20,0,0,0,0,0,0
"Uttar Pradesh","19/02/2020",21,0,0,0,0,0,0
"Uttar Pradesh","20/02/2020",22,0,0,0,0,0,0
"Uttar Pradesh","21/02/2020",23,0,0,0,0,0,0
"Uttar Pradesh","22/02/2020",24,0,0,0,0,0,0
"Uttar Pradesh","23/02/2020",25,0,0,0,0,0,0
"Uttar Pradesh","24/02/2020",26,0,0,0,0,0,0
"Uttar Pradesh","25/02/2020",27,0,0,0,0,0,0
"Uttar Pradesh","26/02/2020",28,0,0,0,0,0,0
"Uttar Pradesh","27/02/2020",29,0,0,0,0,0,0
"Uttar Pradesh","28/02/2020",30,0,0,0,0,0,0
"Uttar Pradesh","29/02/2020",31,0,0,0,0,0,0
"Uttar Pradesh","01/03/2020",32,0,0,0,0,0,0
"Uttar Pradesh","02/03/2020",33,0,0,0,0,0,0
"Uttar Pradesh","03/03/2020",34,0,0,0,0,0,0
"Uttar Pradesh","04/03/2020",35,6,0,0,6,0,0
"Uttar Pradesh","05/03/2020",36,7,0,0,7,0,0
"Uttar Pradesh","06/03/2020",37,7,0,0,7,0,0
"Uttar Pradesh","07/03/2020",38,7,0,0,7,0,0
"Uttar Pradesh","08/03/2020",39,7,0,0,7,0,0
"Uttar Pradesh","09/03/2020",40,7,0,0,7,0,0
"Uttar Pradesh","10/03/2020",41,7,0,0,7,0,0
"Uttar Pradesh","11/03/2020",42,9,0,0,9,0,0
"Uttar Pradesh","12/03/2020",43,11,0,0,11,0,0
"Uttar Pradesh","13/03/2020",44,11,0,0,11,0,0
"Uttar Pradesh","14/03/2020",45,12,0,5,7,5,0
"Uttar Pradesh","15/03/2020",46,13,0,4,9,4,0
"Uttar Pradesh","16/03/2020",47,13,0,4,9,4,0
"Uttar Pradesh","17/03/2020",48,15,0,5,10,5,0
"Uttar Pradesh","18/03/2020",49,16,0,5,11,5,0
"Uttar Pradesh","19/03/2020",50,19,0,9,10,9,0
"Uttar Pradesh","20/03/2020",51,23,0,9,14,9,0
"Uttar Pradesh","21/03/2020",52,24,0,9,15,9,0
"Uttar Pradesh","22/03/2020",53,27,0,9,18,9,0
"Uttar Pradesh","23/03/2020",54,31,0,9,22,9,0
"Uttar Pradesh","24/03/2020",55,33,0,11,22,11,0
"Uttar Pradesh","25/03/2020",56,37,0,11,26,11,0
"Uttar Pradesh","26/03/2020",57,41,0,11,30,11,0
"Uttar Pradesh","27/03/2020",58,41,0,11,30,11,0
"Uttar Pradesh","28/03/2020",59,55,0,11,44,11,0
"Uttar Pradesh","29/03/2020",60,65,0,11,54,11,0
"Uttar Pradesh","30/03/2020",61,82,0,11,71,11,0
"Uttar Pradesh","31/03/2020",62,101,0,14,87,14,0
"Uttar Pradesh","01/04/2020",63,103,2,14,87,16,1.94
"Uttar Pradesh","02/04/2020",64,113,2,14,97,16,1.77
"Uttar Pradesh","03/04/2020",65,172,2,14,156,16,1.16
"Uttar Pradesh","04/04/2020",66,174,2,19,153,21,1.15
"Uttar Pradesh","05/04/2020",67,227,2,19,206,21,0.88
"Uttar Pradesh","06/04/2020",68,305,3,21,281,24,0.98
"Uttar Pradesh","07/04/2020",69,305,3,21,281,24,0.98
"Uttar Pradesh","08/04/2020",70,326,3,21,302,24,0.92
"Uttarakhand","30/01/2020",1,0,0,0,0,0,0
"Uttarakhand","31/01/2020",2,0,0,0,0,0,0
"Uttarakhand","01/02/2020",3,0,0,0,0,0,0
"Uttarakhand","02/02/2020",4,0,0,0,0,0,0
"Uttarakhand","03/02/2020",5,0,0,0,0,0,0
"Uttarakhand","04/02/2020",6,0,0,0,0,0,0
"Uttarakhand","05/02/2020",7,0,0,0,0,0,0
"Uttarakhand","06/02/2020",8,0,0,0,0,0,0
"Uttarakhand","07/02/2020",9,0,0,0,0,0,0
"Uttarakhand","08/02/2020",10,0,0,0,0,0,0
"Uttarakhand","09/02/2020",11,0,0,0,0,0,0
"Uttarakhand","10/02/2020",12,0,0,0,0,0,0
"Uttarakhand","11/02/2020",13,0,0,0,0,0,0
"Uttarakhand","12/02/2020",14,0,0,0,0,0,0
"Uttarakhand","13/02/2020",15,0,0,0,0,0,0
"Uttarakhand","14/02/2020",16,0,0,0,0,0,0
"Uttarakhand","15/02/2020",17,0,0,0,0,0,0
"Uttarakhand","16/02/2020",18,0,0,0,0,0,0
"Uttarakhand","17/02/2020",19,0,0,0,0,0,0
"Uttarakhand","18/02/2020",20,0,0,0,0,0,0
"Uttarakhand","19/02/2020",21,0,0,0,0,0,0
"Uttarakhand","20/02/2020",22,0,0,0,0,0,0
"Uttarakhand","21/02/2020",23,0,0,0,0,0,0
"Uttarakhand","22/02/2020",24,0,0,0,0,0,0
"Uttarakhand","23/02/2020",25,0,0,0,0,0,0
"Uttarakhand","24/02/2020",26,0,0,0,0,0,0
"Uttarakhand","25/02/2020",27,0,0,0,0,0,0
"Uttarakhand","26/02/2020",28,0,0,0,0,0,0
"Uttarakhand","27/02/2020",29,0,0,0,0,0,0
"Uttarakhand","28/02/2020",30,0,0,0,0,0,0
"Uttarakhand","29/02/2020",31,0,0,0,0,0,0
"Uttarakhand","01/03/2020",32,0,0,0,0,0,0
"Uttarakhand","02/03/2020",33,0,0,0,0,0,0
"Uttarakhand","03/03/2020",34,0,0,0,0,0,0
"Uttarakhand","04/03/2020",35,0,0,0,0,0,0
"Uttarakhand","05/03/2020",36,0,0,0,0,0,0
"Uttarakhand","06/03/2020",37,0,0,0,0,0,0
"Uttarakhand","07/03/2020",38,0,0,0,0,0,0
"Uttarakhand","08/03/2020",39,0,0,0,0,0,0
"Uttarakhand","09/03/2020",40,0,0,0,0,0,0
"Uttarakhand","10/03/2020",41,0,0,0,0,0,0
"Uttarakhand","11/03/2020",42,0,0,0,0,0,0
"Uttarakhand","12/03/2020",43,0,0,0,0,0,0
"Uttarakhand","13/03/2020",44,0,0,0,0,0,0
"Uttarakhand","14/03/2020",45,0,0,0,0,0,0
"Uttarakhand","15/03/2020",46,1,0,0,1,0,0
"Uttarakhand","16/03/2020",47,1,0,0,1,0,0
"Uttarakhand","17/03/2020",48,1,0,0,1,0,0
"Uttarakhand","18/03/2020",49,1,0,0,1,0,0
"Uttarakhand","19/03/2020",50,1,0,0,1,0,0
"Uttarakhand","20/03/2020",51,3,0,0,3,0,0
"Uttarakhand","21/03/2020",52,3,0,0,3,0,0
"Uttarakhand","22/03/2020",53,3,0,0,3,0,0
"Uttarakhand","23/03/2020",54,3,0,0,3,0,0
"Uttarakhand","24/03/2020",55,4,0,0,4,0,0
"Uttarakhand","25/03/2020",56,4,0,0,4,0,0
"Uttarakhand","26/03/2020",57,5,0,0,5,0,0
"Uttarakhand","27/03/2020",58,5,0,0,5,0,0
"Uttarakhand","28/03/2020",59,5,0,0,5,0,0
"Uttarakhand","29/03/2020",60,7,0,2,5,2,0
"Uttarakhand","30/03/2020",61,7,0,2,5,2,0
"Uttarakhand","31/03/2020",62,7,0,2,5,2,0
"Uttarakhand","01/04/2020",63,7,0,2,5,2,0
"Uttarakhand","02/04/2020",64,7,0,2,5,2,0
"Uttarakhand","03/04/2020",65,10,0,2,8,2,0
"Uttarakhand","04/04/2020",66,16,0,2,14,2,0
"Uttarakhand","05/04/2020",67,22,0,2,20,2,0
"Uttarakhand","06/04/2020",68,26,0,4,22,4,0
"Uttarakhand","07/04/2020",69,31,0,5,26,5,0
"Uttarakhand","08/04/2020",70,31,0,5,26,5,0
"West Bengal","30/01/2020",1,0,0,0,0,0,0
"West Bengal","31/01/2020",2,0,0,0,0,0,0
"West Bengal","01/02/2020",3,0,0,0,0,0,0
"West Bengal","02/02/2020",4,0,0,0,0,0,0
"West Bengal","03/02/2020",5,0,0,0,0,0,0
"West Bengal","04/02/2020",6,0,0,0,0,0,0
"West Bengal","05/02/2020",7,0,0,0,0,0,0
"West Bengal","06/02/2020",8,0,0,0,0,0,0
"West Bengal","07/02/2020",9,0,0,0,0,0,0
"West Bengal","08/02/2020",10,0,0,0,0,0,0
"West Bengal","09/02/2020",11,0,0,0,0,0,0
"West Bengal","10/02/2020",12,0,0,0,0,0,0
"West Bengal","11/02/2020",13,0,0,0,0,0,0
"West Bengal","12/02/2020",14,0,0,0,0,0,0
"West Bengal","13/02/2020",15,0,0,0,0,0,0
"West Bengal","14/02/2020",16,0,0,0,0,0,0
"West Bengal","15/02/2020",17,0,0,0,0,0,0
"West Bengal","16/02/2020",18,0,0,0,0,0,0
"West Bengal","17/02/2020",19,0,0,0,0,0,0
"West Bengal","18/02/2020",20,0,0,0,0,0,0
"West Bengal","19/02/2020",21,0,0,0,0,0,0
"West Bengal","20/02/2020",22,0,0,0,0,0,0
"West Bengal","21/02/2020",23,0,0,0,0,0,0
"West Bengal","22/02/2020",24,0,0,0,0,0,0
"West Bengal","23/02/2020",25,0,0,0,0,0,0
"West Bengal","24/02/2020",26,0,0,0,0,0,0
"West Bengal","25/02/2020",27,0,0,0,0,0,0
"West Bengal","26/02/2020",28,0,0,0,0,0,0
"West Bengal","27/02/2020",29,0,0,0,0,0,0
"West Bengal","28/02/2020",30,0,0,0,0,0,0
"West Bengal","29/02/2020",31,0,0,0,0,0,0
"West Bengal","01/03/2020",32,0,0,0,0,0,0
"West Bengal","02/03/2020",33,0,0,0,0,0,0
"West Bengal","03/03/2020",34,0,0,0,0,0,0
"West Bengal","04/03/2020",35,0,0,0,0,0,0
"West Bengal","05/03/2020",36,0,0,0,0,0,0
"West Bengal","06/03/2020",37,0,0,0,0,0,0
"West Bengal","07/03/2020",38,0,0,0,0,0,0
"West Bengal","08/03/2020",39,0,0,0,0,0,0
"West Bengal","09/03/2020",40,0,0,0,0,0,0
"West Bengal","10/03/2020",41,0,0,0,0,0,0
"West Bengal","11/03/2020",42,0,0,0,0,0,0
"West Bengal","12/03/2020",43,0,0,0,0,0,0
"West Bengal","13/03/2020",44,0,0,0,0,0,0
"West Bengal","14/03/2020",45,0,0,0,0,0,0
"West Bengal","15/03/2020",46,0,0,0,0,0,0
"West Bengal","16/03/2020",47,0,0,0,0,0,0
"West Bengal","17/03/2020",48,0,0,0,0,0,0
"West Bengal","18/03/2020",49,1,0,0,1,0,0
"West Bengal","19/03/2020",50,1,0,0,1,0,0
"West Bengal","20/03/2020",51,2,0,0,2,0,0
"West Bengal","21/03/2020",52,3,0,0,3,0,0
"West Bengal","22/03/2020",53,4,0,0,4,0,0
"West Bengal","23/03/2020",54,7,0,0,7,0,0
"West Bengal","24/03/2020",55,9,1,0,8,1,11.11
"West Bengal","25/03/2020",56,9,1,0,8,1,11.11
"West Bengal","26/03/2020",57,10,1,0,9,1,10
"West Bengal","27/03/2020",58,10,1,0,9,1,10
"West Bengal","28/03/2020",59,15,1,0,14,1,6.67
"West Bengal","29/03/2020",60,18,1,0,17,1,5.56
"West Bengal","30/03/2020",61,22,1,0,21,1,4.55
"West Bengal","31/03/2020",62,26,2,0,24,2,7.69
"West Bengal","01/04/2020",63,37,3,6,28,9,8.11
"West Bengal","02/04/2020",64,53,3,6,44,9,5.66
"West Bengal","03/04/2020",65,63,3,3,57,6,4.76
"West Bengal","04/04/2020",66,69,3,3,63,6,4.35
"West Bengal","05/04/2020",67,80,3,10,67,13,3.75
"West Bengal","06/04/2020",68,80,3,10,67,13,3.75
"West Bengal","07/04/2020",69,91,3,13,75,16,3.3
"West Bengal","08/04/2020",70,99,5,13,81,18,5.05
