Sno,Date,Time,State.UnionTerritory,ConfirmedIndianNational,ConfirmedForeignNational,Cured,Deaths,Confirmed
1,30/01/20,6:00 PM,Kerala,1,0,0,0,1
2,31/01/20,6:00 PM,Kerala,1,0,0,0,1
3,01/02/20,6:00 PM,Kerala,2,0,0,0,2
4,02/02/20,6:00 PM,Kerala,3,0,0,0,3
5,03/02/20,6:00 PM,Kerala,3,0,0,0,3
6,04/02/20,6:00 PM,Kerala,3,0,0,0,3
7,05/02/20,6:00 PM,Kerala,3,0,0,0,3
8,06/02/20,6:00 PM,Kerala,3,0,0,0,3
9,07/02/20,6:00 PM,Kerala,3,0,0,0,3
10,08/02/20,6:00 PM,Kerala,3,0,0,0,3
11,09/02/20,6:00 PM,Kerala,3,0,0,0,3
12,10/02/20,6:00 PM,Kerala,3,0,0,0,3
13,11/02/20,6:00 PM,Kerala,3,0,0,0,3
14,12/02/20,6:00 PM,Kerala,3,0,0,0,3
15,13/02/20,6:00 PM,Kerala,3,0,0,0,3
16,14/02/20,6:00 PM,Kerala,3,0,0,0,3
17,15/02/20,6:00 PM,Kerala,3,0,0,0,3
18,16/02/20,6:00 PM,Kerala,3,0,0,0,3
19,17/02/20,6:00 PM,Kerala,3,0,0,0,3
20,18/02/20,6:00 PM,Kerala,3,0,0,0,3
21,19/02/20,6:00 PM,Kerala,3,0,0,0,3
22,20/02/20,6:00 PM,Kerala,3,0,0,0,3
23,21/02/20,6:00 PM,Kerala,3,0,0,0,3
24,22/02/20,6:00 PM,Kerala,3,0,0,0,3
25,23/02/20,6:00 PM,Kerala,3,0,0,0,3
26,24/02/20,6:00 PM,Kerala,3,0,0,0,3
27,25/02/20,6:00 PM,Kerala,3,0,0,0,3
28,26/02/20,6:00 PM,Kerala,3,0,0,0,3
29,27/02/20,6:00 PM,Kerala,3,0,0,0,3
30,28/02/20,6:00 PM,Kerala,3,0,0,0,3
31,29/02/20,6:00 PM,Kerala,3,0,0,0,3
32,01/03/20,6:00 PM,Kerala,3,0,0,0,3
33,02/03/20,6:00 PM,Telengana,1,0,0,0,1
34,02/03/20,6:00 PM,Kerala,3,0,0,0,3
35,02/03/20,6:00 PM,Delhi,1,0,0,0,1
36,03/03/20,6:00 PM,Telengana,1,0,0,0,1
37,03/03/20,6:00 PM,Rajasthan,0,1,0,0,1
38,03/03/20,6:00 PM,Kerala,3,0,3,0,3
39,03/03/20,6:00 PM,Delhi,1,0,0,0,1
40,04/03/20,6:00 PM,Uttar Pradesh,6,0,0,0,6
41,04/03/20,6:00 PM,Kerala,3,0,3,0,3
42,04/03/20,6:00 PM,Haryana,0,2,0,0,2
43,04/03/20,6:00 PM,Delhi,1,0,0,0,1
44,04/03/20,6:00 PM,Telengana,1,0,0,0,1
45,04/03/20,6:00 PM,Rajasthan,1,14,0,0,15
46,05/03/20,6:00 PM,Delhi,2,0,0,0,2
47,05/03/20,6:00 PM,Haryana,0,2,0,0,2
48,05/03/20,6:00 PM,Kerala,3,0,3,0,3
49,05/03/20,6:00 PM,Rajasthan,1,14,0,0,15
50,05/03/20,6:00 PM,Telengana,1,0,0,0,1
51,05/03/20,6:00 PM,Uttar Pradesh,7,0,0,0,7
52,06/03/20,6:00 PM,Delhi,3,0,0,0,3
53,06/03/20,6:00 PM,Haryana,0,2,0,0,2
54,06/03/20,6:00 PM,Kerala,3,0,3,0,3
55,06/03/20,6:00 PM,Rajasthan,1,14,0,0,15
56,06/03/20,6:00 PM,Uttar Pradesh,7,0,0,0,7
57,06/03/20,6:00 PM,Telengana,1,0,0,0,1
58,07/03/20,6:00 PM,Kerala,3,0,3,0,3
59,07/03/20,6:00 PM,Uttar Pradesh,7,0,0,0,7
60,07/03/20,6:00 PM,Ladakh,2,0,0,0,2
61,07/03/20,6:00 PM,Telengana,1,0,0,0,1
62,07/03/20,6:00 PM,Tamil Nadu,1,0,0,0,1
63,07/03/20,6:00 PM,Delhi,3,0,0,0,3
64,07/03/20,6:00 PM,Haryana,0,2,0,0,2
65,07/03/20,6:00 PM,Rajasthan,1,14,0,0,15
66,08/03/20,6:00 PM,Ladakh,2,0,0,0,2
67,08/03/20,6:00 PM,Telengana,1,0,0,0,1
68,08/03/20,6:00 PM,Tamil Nadu,1,0,0,0,1
69,08/03/20,6:00 PM,Rajasthan,1,14,0,0,15
70,08/03/20,6:00 PM,Kerala,8,0,3,0,8
71,08/03/20,6:00 PM,Haryana,0,2,0,0,2
72,08/03/20,6:00 PM,Delhi,3,0,0,0,3
73,08/03/20,6:00 PM,Uttar Pradesh,7,0,0,0,7
74,09/03/20,6:00 PM,Ladakh,2,0,0,0,2
75,09/03/20,6:00 PM,Karnataka,1,0,0,0,1
76,09/03/20,6:00 PM,Kerala,9,0,3,0,9
77,09/03/20,6:00 PM,Maharashtra,2,0,0,0,2
78,09/03/20,6:00 PM,Punjab,1,0,0,0,1
79,09/03/20,6:00 PM,Rajasthan,1,14,0,0,15
80,09/03/20,6:00 PM,Tamil Nadu,1,0,0,0,1
81,09/03/20,6:00 PM,Telengana,1,0,0,0,1
82,09/03/20,6:00 PM,Jammu and Kashmir,1,0,0,0,1
83,09/03/20,6:00 PM,Uttar Pradesh,7,0,0,0,7
84,09/03/20,6:00 PM,Haryana,0,2,0,0,2
85,09/03/20,6:00 PM,Delhi,4,0,0,0,4
86,10/03/20,6:00 PM,Uttar Pradesh,7,0,0,0,7
87,10/03/20,6:00 PM,Ladakh,2,0,0,0,2
88,10/03/20,6:00 PM,Delhi,4,0,0,0,4
89,10/03/20,6:00 PM,Haryana,0,2,0,0,2
90,10/03/20,6:00 PM,Karnataka,4,0,0,0,4
91,10/03/20,6:00 PM,Kerala,15,0,3,0,15
92,10/03/20,6:00 PM,Maharashtra,5,0,0,0,5
93,10/03/20,6:00 PM,Punjab,1,0,0,0,1
94,10/03/20,6:00 PM,Rajasthan,1,14,0,0,15
95,10/03/20,6:00 PM,Tamil Nadu,1,0,0,0,1
96,10/03/20,6:00 PM,Telengana,1,0,0,0,1
97,10/03/20,6:00 PM,Jammu and Kashmir,1,0,0,0,1
98,11/03/20,6:00 PM,Maharashtra,2,0,0,0,2
99,11/03/20,6:00 PM,Delhi,5,0,0,0,5
100,11/03/20,6:00 PM,Haryana,0,14,0,0,14
101,11/03/20,6:00 PM,Kerala,17,0,3,0,17
102,11/03/20,6:00 PM,Rajasthan,1,2,0,0,3
103,11/03/20,6:00 PM,Telengana,1,0,0,0,1
104,11/03/20,6:00 PM,Uttar Pradesh,9,0,0,0,9
105,11/03/20,6:00 PM,Ladakh,2,0,0,0,2
106,11/03/20,6:00 PM,Tamil Nadu,1,0,0,0,1
107,11/03/20,6:00 PM,Jammu and Kashmir,1,0,0,0,1
108,11/03/20,6:00 PM,Punjab,1,0,0,0,1
109,11/03/20,6:00 PM,Karnataka,4,0,0,0,4
110,12/03/20,6:00 PM,Delhi,6,0,0,0,6
111,12/03/20,6:00 PM,Haryana,0,14,0,0,14
112,12/03/20,6:00 PM,Kerala,17,0,3,0,17
113,12/03/20,6:00 PM,Rajasthan,1,2,0,0,3
114,12/03/20,6:00 PM,Telengana,1,0,0,0,1
115,12/03/20,6:00 PM,Uttar Pradesh,10,1,0,0,11
116,12/03/20,6:00 PM,Ladakh,3,0,0,0,3
117,12/03/20,6:00 PM,Tamil Nadu,1,0,0,0,1
118,12/03/20,6:00 PM,Jammu and Kashmir,1,0,0,0,1
119,12/03/20,6:00 PM,Punjab,1,0,0,0,1
120,12/03/20,6:00 PM,Karnataka,4,0,0,0,4
121,12/03/20,6:00 PM,Maharashtra,11,0,0,0,11
122,12/03/20,6:00 PM,Andhra Pradesh,1,0,0,0,1
123,13/03/20,6:00 PM,Delhi,6,0,0,0,6
124,13/03/20,6:00 PM,Haryana,0,14,0,0,14
125,13/03/20,6:00 PM,Kerala,19,0,3,0,19
126,13/03/20,6:00 PM,Rajasthan,1,2,0,0,3
127,13/03/20,6:00 PM,Telengana,1,0,0,0,1
128,13/03/20,6:00 PM,Uttar Pradesh,10,1,0,0,11
129,13/03/20,6:00 PM,Ladakh,3,0,0,0,3
130,13/03/20,6:00 PM,Tamil Nadu,1,0,0,0,1
131,13/03/20,6:00 PM,Jammu and Kashmir,1,0,0,0,1
132,13/03/20,6:00 PM,Punjab,1,0,0,0,1
133,13/03/20,6:00 PM,Karnataka,6,0,0,1,6
134,13/03/20,6:00 PM,Maharashtra,14,0,0,0,14
135,13/03/20,6:00 PM,Andhra Pradesh,1,0,0,0,1
136,14/03/20,6:00 PM,Delhi,7,0,1,1,7
137,14/03/20,6:00 PM,Haryana,0,14,0,0,14
138,14/03/20,6:00 PM,Kerala,19,0,3,0,19
139,14/03/20,6:00 PM,Rajasthan,1,2,1,0,3
140,14/03/20,6:00 PM,Telengana,1,0,0,0,1
141,14/03/20,6:00 PM,Uttar Pradesh,11,1,5,0,12
142,14/03/20,6:00 PM,Ladakh,3,0,0,0,3
143,14/03/20,6:00 PM,Tamil Nadu,1,0,0,0,1
144,14/03/20,6:00 PM,Jammu and Kashmir,2,0,0,0,2
145,14/03/20,6:00 PM,Punjab,1,0,0,0,1
146,14/03/20,6:00 PM,Karnataka,6,0,0,1,6
147,14/03/20,6:00 PM,Maharashtra,14,0,0,0,14
148,14/03/20,6:00 PM,Andhra Pradesh,1,0,0,0,1
149,15/03/20,6:00 PM,Andhra Pradesh,1,0,0,0,1
150,15/03/20,6:00 PM,Delhi,7,0,2,1,7
151,15/03/20,6:00 PM,Haryana,0,14,0,0,14
152,15/03/20,6:00 PM,Karnataka,6,0,0,1,6
153,15/03/20,6:00 PM,Kerala,22,0,3,0,22
154,15/03/20,6:00 PM,Maharashtra,32,0,0,0,32
155,15/03/20,6:00 PM,Punjab,1,0,0,0,1
156,15/03/20,6:00 PM,Rajasthan,2,2,3,0,4
157,15/03/20,6:00 PM,Tamil Nadu,1,0,0,0,1
158,15/03/20,6:00 PM,Telengana,3,0,1,0,3
159,15/03/20,6:00 PM,Jammu and Kashmir,2,0,0,0,2
160,15/03/20,6:00 PM,Ladakh,3,0,0,0,3
161,15/03/20,6:00 PM,Uttar Pradesh,12,1,4,0,13
162,15/03/20,6:00 PM,Uttarakhand,1,0,0,0,1
163,16/03/20,6:00 PM,Andhra Pradesh,1,0,0,0,1
164,16/03/20,6:00 PM,Delhi,7,0,2,1,7
165,16/03/20,6:00 PM,Haryana,0,14,0,0,14
166,16/03/20,6:00 PM,Karnataka,6,0,0,1,6
167,16/03/20,6:00 PM,Kerala,23,0,3,0,23
168,16/03/20,6:00 PM,Maharashtra,32,0,0,0,32
169,16/03/20,6:00 PM,Odisha,1,0,0,0,1
170,16/03/20,6:00 PM,Punjab,1,0,0,0,1
171,16/03/20,6:00 PM,Rajasthan,2,2,3,0,4
172,16/03/20,6:00 PM,Tamil Nadu,1,0,0,0,1
173,16/03/20,6:00 PM,Telengana,3,0,1,0,3
174,16/03/20,6:00 PM,Jammu and Kashmir,3,0,0,0,3
175,16/03/20,6:00 PM,Ladakh,4,0,0,0,4
176,16/03/20,6:00 PM,Uttar Pradesh,12,1,4,0,13
177,16/03/20,6:00 PM,Uttarakhand,1,0,0,0,1
178,17/03/20,6:00 PM,Andhra Pradesh,1,0,0,0,1
179,17/03/20,6:00 PM,Delhi,8,0,2,1,8
180,17/03/20,6:00 PM,Haryana,1,14,0,0,15
181,17/03/20,6:00 PM,Karnataka,11,0,0,1,11
182,17/03/20,6:00 PM,Kerala,24,2,3,0,26
183,17/03/20,6:00 PM,Maharashtra,36,3,0,1,39
184,17/03/20,6:00 PM,Odisha,1,0,0,0,1
185,17/03/20,6:00 PM,Punjab,1,0,0,0,1
186,17/03/20,6:00 PM,Rajasthan,2,2,3,0,4
187,17/03/20,6:00 PM,Tamil Nadu,1,0,0,0,1
188,17/03/20,6:00 PM,Telengana,3,2,1,0,5
189,17/03/20,6:00 PM,Jammu and Kashmir,3,0,0,0,3
190,17/03/20,6:00 PM,Ladakh,6,0,0,0,6
191,17/03/20,6:00 PM,Uttar Pradesh,14,1,5,0,15
192,17/03/20,6:00 PM,Uttarakhand,1,0,0,0,1
193,18/03/20,6:00 PM,Andhra Pradesh,1,0,0,0,1
194,18/03/20,6:00 PM,Delhi,9,1,2,1,10
195,18/03/20,6:00 PM,Haryana,3,14,0,0,17
196,18/03/20,6:00 PM,Karnataka,11,0,0,1,11
197,18/03/20,6:00 PM,Kerala,25,2,3,0,27
198,18/03/20,6:00 PM,Maharashtra,39,3,0,1,42
199,18/03/20,6:00 PM,Odisha,1,0,0,0,1
200,18/03/20,6:00 PM,Puducherry,1,0,0,0,1
201,18/03/20,6:00 PM,Punjab,1,0,0,0,1
202,18/03/20,6:00 PM,Rajasthan,2,2,3,0,4
203,18/03/20,6:00 PM,Tamil Nadu,1,0,0,0,1
204,18/03/20,6:00 PM,Telengana,4,2,1,0,6
205,18/03/20,6:00 PM,Jammu and Kashmir,3,0,0,0,3
206,18/03/20,6:00 PM,Ladakh,8,0,0,0,8
207,18/03/20,6:00 PM,Uttar Pradesh,15,1,5,0,16
208,18/03/20,6:00 PM,Uttarakhand,1,0,0,0,1
209,18/03/20,6:00 PM,West Bengal,1,0,0,0,1
210,19/03/20,6:00 PM,Andhra Pradesh,2,0,0,0,2
211,19/03/20,6:00 PM,Chhattisgarh,1,0,0,0,1
212,19/03/20,6:00 PM,Delhi,11,1,3,1,12
213,19/03/20,6:00 PM,Haryana,3,14,0,0,17
214,19/03/20,6:00 PM,Karnataka,14,0,0,1,14
215,19/03/20,6:00 PM,Kerala,25,2,3,0,27
216,19/03/20,6:00 PM,Maharashtra,44,3,0,1,47
217,19/03/20,6:00 PM,Odisha,1,0,0,0,1
218,19/03/20,6:00 PM,Puducherry,1,0,0,0,1
219,19/03/20,6:00 PM,Punjab,2,0,0,1,2
220,19/03/20,6:00 PM,Rajasthan,5,2,3,0,7
221,19/03/20,6:00 PM,Tamil Nadu,2,0,1,0,2
222,19/03/20,6:00 PM,Telengana,4,2,1,0,6
223,19/03/20,6:00 PM,Chandigarh,1,0,0,0,1
224,19/03/20,6:00 PM,Jammu and Kashmir,4,0,0,0,4
225,19/03/20,6:00 PM,Ladakh,8,0,0,0,8
226,19/03/20,6:00 PM,Uttar Pradesh,18,1,9,0,19
227,19/03/20,6:00 PM,Uttarakhand,1,0,0,0,1
228,19/03/20,6:00 PM,West Bengal,1,0,0,0,1
229,20/03/20,6:00 PM,Andhra Pradesh,3,0,0,0,3
230,20/03/20,6:00 PM,Chhattisgarh,1,0,0,0,1
231,20/03/20,6:00 PM,Delhi,16,1,5,1,17
232,20/03/20,6:00 PM,Gujarat,5,0,0,0,5
233,20/03/20,6:00 PM,Haryana,3,14,0,0,17
234,20/03/20,6:00 PM,Karnataka,15,0,1,1,15
235,20/03/20,6:00 PM,Kerala,26,2,3,0,28
236,20/03/20,6:00 PM,Maharashtra,49,3,0,1,52
237,20/03/20,6:00 PM,Odisha,2,0,0,0,2
238,20/03/20,6:00 PM,Puducherry,1,0,0,0,1
239,20/03/20,6:00 PM,Punjab,2,0,0,1,2
240,20/03/20,6:00 PM,Rajasthan,15,2,3,0,17
241,20/03/20,6:00 PM,Tamil Nadu,3,0,1,0,3
242,20/03/20,6:00 PM,Telengana,8,9,1,0,17
243,20/03/20,6:00 PM,Chandigarh,1,0,0,0,1
244,20/03/20,6:00 PM,Jammu and Kashmir,4,0,0,0,4
245,20/03/20,6:00 PM,Ladakh,10,0,0,0,10
246,20/03/20,6:00 PM,Uttar Pradesh,22,1,9,0,23
247,20/03/20,6:00 PM,Uttarakhand,3,0,0,0,3
248,20/03/20,6:00 PM,West Bengal,2,0,0,0,2
249,21/03/20,6:00 PM,Andhra Pradesh,3,0,0,0,3
250,21/03/20,6:00 PM,Chhattisgarh,1,0,0,0,1
251,21/03/20,6:00 PM,Delhi,25,1,5,1,26
252,21/03/20,6:00 PM,Gujarat,7,0,0,0,7
253,21/03/20,6:00 PM,Haryana,3,14,0,0,17
254,21/03/20,6:00 PM,Himachal Pradesh,2,0,0,0,2
255,21/03/20,6:00 PM,Karnataka,15,0,1,1,15
256,21/03/20,6:00 PM,Kerala,33,7,3,0,40
257,21/03/20,6:00 PM,Madhya Pradesh,4,0,0,0,4
258,21/03/20,6:00 PM,Maharashtra,60,3,0,1,63
259,21/03/20,6:00 PM,Odisha,2,0,0,0,2
260,21/03/20,6:00 PM,Puducherry,1,0,0,0,1
261,21/03/20,6:00 PM,Punjab,13,0,0,1,13
262,21/03/20,6:00 PM,Rajasthan,15,2,3,0,17
263,21/03/20,6:00 PM,Tamil Nadu,3,0,1,0,3
264,21/03/20,6:00 PM,Telengana,10,11,1,0,21
265,21/03/20,6:00 PM,Chandigarh,1,0,0,0,1
266,21/03/20,6:00 PM,Jammu and Kashmir,4,0,0,0,4
267,21/03/20,6:00 PM,Ladakh,13,0,0,0,13
268,21/03/20,6:00 PM,Uttar Pradesh,23,1,9,0,24
269,21/03/20,6:00 PM,Uttarakhand,3,0,0,0,3
270,21/03/20,6:00 PM,West Bengal,3,0,0,0,3
271,22/03/20,6:00 PM,Andhra Pradesh,5,0,0,0,5
272,22/03/20,6:00 PM,Bihar,2,0,0,1,2
273,22/03/20,6:00 PM,Chhattisgarh,1,0,0,0,1
274,22/03/20,6:00 PM,Delhi,28,1,5,1,29
275,22/03/20,6:00 PM,Gujarat,18,0,0,1,18
276,22/03/20,6:00 PM,Haryana,7,14,0,0,21
277,22/03/20,6:00 PM,Himachal Pradesh,2,0,0,0,2
278,22/03/20,6:00 PM,Karnataka,26,0,2,1,26
279,22/03/20,6:00 PM,Kerala,45,7,3,0,52
280,22/03/20,6:00 PM,Madhya Pradesh,4,0,0,0,4
281,22/03/20,6:00 PM,Maharashtra,64,3,0,2,67
282,22/03/20,6:00 PM,Odisha,2,0,0,0,2
283,22/03/20,6:00 PM,Puducherry,1,0,0,0,1
284,22/03/20,6:00 PM,Punjab,21,0,0,1,21
285,22/03/20,6:00 PM,Rajasthan,22,2,3,0,24
286,22/03/20,6:00 PM,Tamil Nadu,5,2,1,0,7
287,22/03/20,6:00 PM,Telengana,11,11,1,0,22
288,22/03/20,6:00 PM,Chandigarh,5,0,0,0,5
289,22/03/20,6:00 PM,Jammu and Kashmir,4,0,0,0,4
290,22/03/20,6:00 PM,Ladakh,13,0,0,0,13
291,22/03/20,6:00 PM,Uttar Pradesh,26,1,9,0,27
292,22/03/20,6:00 PM,Uttarakhand,3,0,0,0,3
293,22/03/20,6:00 PM,West Bengal,4,0,0,0,4
294,23/03/20,6:00 PM,Andhra Pradesh,7,0,0,0,7
295,23/03/20,6:00 PM,Bihar,2,0,0,1,2
296,23/03/20,6:00 PM,Chhattisgarh,1,0,0,0,1
297,23/03/20,6:00 PM,Delhi,28,1,5,1,29
298,23/03/20,6:00 PM,Gujarat,29,0,0,1,29
299,23/03/20,6:00 PM,Haryana,12,14,0,0,26
300,23/03/20,6:00 PM,Himachal Pradesh,2,0,0,0,2
301,23/03/20,6:00 PM,Karnataka,33,0,2,1,33
302,23/03/20,6:00 PM,Kerala,60,7,3,0,67
303,23/03/20,6:00 PM,Madhya Pradesh,6,0,0,0,6
304,23/03/20,6:00 PM,Maharashtra,71,3,0,2,74
305,23/03/20,6:00 PM,Odisha,2,0,0,0,2
306,23/03/20,6:00 PM,Puducherry,1,0,0,0,1
307,23/03/20,6:00 PM,Punjab,21,0,0,1,21
308,23/03/20,6:00 PM,Rajasthan,26,2,3,0,28
309,23/03/20,6:00 PM,Tamil Nadu,7,2,1,0,9
310,23/03/20,6:00 PM,Telengana,22,10,1,0,32
311,23/03/20,6:00 PM,Chandigarh,6,0,0,0,6
312,23/03/20,6:00 PM,Jammu and Kashmir,4,0,0,0,4
313,23/03/20,6:00 PM,Ladakh,13,0,0,0,13
314,23/03/20,6:00 PM,Uttar Pradesh,30,1,9,0,31
315,23/03/20,6:00 PM,Uttarakhand,3,0,0,0,3
316,23/03/20,6:00 PM,West Bengal,7,0,0,0,7
317,24/03/20,6:00 PM,Andhra Pradesh,8,0,0,0,8
318,24/03/20,6:00 PM,Bihar,3,0,0,1,3
319,24/03/20,6:00 PM,Chhattisgarh,1,0,0,0,1
320,24/03/20,6:00 PM,Delhi,29,1,6,1,30
321,24/03/20,6:00 PM,Gujarat,32,1,0,1,33
322,24/03/20,6:00 PM,Haryana,14,14,11,0,28
323,24/03/20,6:00 PM,Himachal Pradesh,3,0,0,1,3
324,24/03/20,6:00 PM,Karnataka,37,0,3,1,37
325,24/03/20,6:00 PM,Kerala,87,8,4,0,95
326,24/03/20,6:00 PM,Madhya Pradesh,7,0,0,0,7
327,24/03/20,6:00 PM,Maharashtra,86,3,0,2,89
328,24/03/20,6:00 PM,Manipur,1,0,0,0,1
329,24/03/20,6:00 PM,Odisha,2,0,0,0,2
330,24/03/20,6:00 PM,Puducherry,1,0,0,0,1
331,24/03/20,6:00 PM,Punjab,29,0,0,1,29
332,24/03/20,6:00 PM,Rajasthan,30,2,3,0,32
333,24/03/20,6:00 PM,Tamil Nadu,13,2,1,0,15
334,24/03/20,6:00 PM,Telengana,25,10,1,0,35
335,24/03/20,6:00 PM,Chandigarh,7,0,0,0,7
336,24/03/20,6:00 PM,Jammu and Kashmir,4,0,0,0,4
337,24/03/20,6:00 PM,Ladakh,13,0,0,0,13
338,24/03/20,6:00 PM,Uttar Pradesh,32,1,11,0,33
339,24/03/20,6:00 PM,Uttarakhand,3,1,0,0,4
340,24/03/20,6:00 PM,West Bengal,9,0,0,1,9
341,25/03/20,6:00 PM,Andhra Pradesh,9,0,1,0,9
342,25/03/20,6:00 PM,Bihar,4,0,0,1,4
343,25/03/20,6:00 PM,Chhattisgarh,1,0,0,0,1
344,25/03/20,6:00 PM,Delhi,30,1,6,1,31
345,25/03/20,6:00 PM,Gujarat,37,1,0,1,38
346,25/03/20,6:00 PM,Haryana,14,14,11,0,28
347,25/03/20,6:00 PM,Himachal Pradesh,3,0,0,1,3
348,25/03/20,6:00 PM,Karnataka,41,0,3,1,41
349,25/03/20,6:00 PM,Kerala,101,8,4,0,109
350,25/03/20,6:00 PM,Madhya Pradesh,14,0,0,0,14
351,25/03/20,6:00 PM,Maharashtra,125,3,1,3,128
352,25/03/20,6:00 PM,Manipur,1,0,0,0,1
353,25/03/20,6:00 PM,Mizoram,1,0,0,0,1
354,25/03/20,6:00 PM,Odisha,2,0,0,0,2
355,25/03/20,6:00 PM,Puducherry,1,0,0,0,1
356,25/03/20,6:00 PM,Punjab,29,0,0,1,29
357,25/03/20,6:00 PM,Rajasthan,34,2,3,0,36
358,25/03/20,6:00 PM,Tamil Nadu,16,2,1,0,18
359,25/03/20,6:00 PM,Telengana,25,10,1,0,35
360,25/03/20,6:00 PM,Chandigarh,7,0,0,0,7
361,25/03/20,6:00 PM,Jammu and Kashmir,7,0,1,0,7
362,25/03/20,6:00 PM,Ladakh,13,0,0,0,13
363,25/03/20,6:00 PM,Uttar Pradesh,36,1,11,0,37
364,25/03/20,6:00 PM,Uttarakhand,3,1,0,0,4
365,25/03/20,6:00 PM,West Bengal,9,0,0,1,9
366,26/03/20,6:00 PM,Andaman and Nicobar Islands,1,0,0,0,1
367,26/03/20,6:00 PM,Andhra Pradesh,11,0,1,0,11
368,26/03/20,6:00 PM,Bihar,6,0,0,1,6
369,26/03/20,6:00 PM,Chandigarh,7,0,0,0,7
370,26/03/20,6:00 PM,Chhattisgarh,6,0,0,0,6
371,26/03/20,6:00 PM,Delhi,35,1,6,1,36
372,26/03/20,6:00 PM,Goa,3,0,0,0,3
373,26/03/20,6:00 PM,Gujarat,42,1,0,3,43
374,26/03/20,6:00 PM,Haryana,16,14,11,0,30
375,26/03/20,6:00 PM,Himachal Pradesh,3,0,0,1,3
376,26/03/20,6:00 PM,Jammu and Kashmir,13,0,1,0,13
377,26/03/20,6:00 PM,Karnataka,55,0,3,2,55
378,26/03/20,6:00 PM,Kerala,110,8,6,0,118
379,26/03/20,6:00 PM,Ladakh,13,0,0,0,13
380,26/03/20,6:00 PM,Madhya Pradesh,20,0,0,1,20
381,26/03/20,6:00 PM,Maharashtra,121,3,1,3,124
382,26/03/20,6:00 PM,Manipur,1,0,0,0,1
383,26/03/20,6:00 PM,Mizoram,1,0,0,0,1
384,26/03/20,6:00 PM,Odisha,2,0,0,0,2
385,26/03/20,6:00 PM,Puducherry,1,0,0,0,1
386,26/03/20,6:00 PM,Punjab,33,0,0,1,33
387,26/03/20,6:00 PM,Rajasthan,39,2,3,0,41
388,26/03/20,6:00 PM,Tamil Nadu,20,6,1,1,26
389,26/03/20,6:00 PM,Telengana,34,10,1,0,44
390,26/03/20,6:00 PM,Uttarakhand,4,1,0,0,5
391,26/03/20,6:00 PM,Uttar Pradesh,40,1,11,0,41
392,26/03/20,6:00 PM,West Bengal,10,0,0,1,10
393,27/03/20,10:00 AM,Andaman and Nicobar Islands,1,0,0,0,1
394,27/03/20,10:00 AM,Andhra Pradesh,12,0,1,0,12
395,27/03/20,10:00 AM,Bihar,6,0,0,1,6
396,27/03/20,10:00 AM,Chandigarh,7,0,0,0,7
397,27/03/20,10:00 AM,Chhattisgarh,6,0,0,0,6
398,27/03/20,10:00 AM,Delhi,35,1,6,1,36
399,27/03/20,10:00 AM,Goa,3,0,0,0,3
400,27/03/20,10:00 AM,Gujarat,42,1,0,3,43
401,27/03/20,10:00 AM,Haryana,16,14,11,0,30
402,27/03/20,10:00 AM,Himachal Pradesh,3,0,0,1,3
403,27/03/20,10:00 AM,Jammu and Kashmir,13,0,1,1,13
404,27/03/20,10:00 AM,Karnataka,55,0,3,2,55
405,27/03/20,10:00 AM,Kerala,129,8,11,0,137
406,27/03/20,10:00 AM,Ladakh,13,0,3,0,13
407,27/03/20,10:00 AM,Madhya Pradesh,20,0,0,1,20
408,27/03/20,10:00 AM,Maharashtra,127,3,15,4,130
409,27/03/20,10:00 AM,Manipur,1,0,0,0,1
410,27/03/20,10:00 AM,Mizoram,1,0,0,0,1
411,27/03/20,10:00 AM,Odisha,2,0,0,0,2
412,27/03/20,10:00 AM,Puducherry,1,0,0,0,1
413,27/03/20,10:00 AM,Punjab,33,0,0,1,33
414,27/03/20,10:00 AM,Rajasthan,39,2,3,0,41
415,27/03/20,10:00 AM,Tamil Nadu,23,6,1,1,29
416,27/03/20,10:00 AM,Telengana,35,10,1,0,45
417,27/03/20,10:00 AM,Uttarakhand,4,1,0,0,5
418,27/03/20,10:00 AM,Uttar Pradesh,40,1,11,0,41
419,27/03/20,10:00 AM,West Bengal,10,0,0,1,10
420,28/03/20,6:00 PM,Andhra Pradesh,14,0,1,0,14
421,28/03/20,6:00 PM,Andaman and Nicobar Islands,6,0,0,0,6
422,28/03/20,6:00 PM,Bihar,9,0,0,1,9
423,28/03/20,6:00 PM,Chandigarh,8,0,0,0,8
424,28/03/20,6:00 PM,Chhattisgarh,6,0,0,0,6
425,28/03/20,6:00 PM,Delhi,38,1,6,1,39
426,28/03/20,6:00 PM,Goa,3,0,0,0,3
427,28/03/20,6:00 PM,Gujarat,44,1,0,3,45
428,28/03/20,6:00 PM,Haryana,19,14,12,0,33
429,28/03/20,6:00 PM,Himachal Pradesh,3,0,0,1,3
430,28/03/20,6:00 PM,Jammu and Kashmir,20,0,1,1,20
431,28/03/20,6:00 PM,Karnataka,55,0,3,2,55
432,28/03/20,6:00 PM,Kerala,168,8,11,0,176
433,28/03/20,6:00 PM,Ladakh,13,0,3,0,13
434,28/03/20,6:00 PM,Madhya Pradesh,30,0,0,2,30
435,28/03/20,6:00 PM,Maharashtra,177,3,25,5,180
436,28/03/20,6:00 PM,Manipur,1,0,0,0,1
437,28/03/20,6:00 PM,Mizoram,1,0,0,0,1
438,28/03/20,6:00 PM,Odisha,3,0,0,0,3
439,28/03/20,6:00 PM,Puducherry,1,0,0,0,1
440,28/03/20,6:00 PM,Punjab,38,0,1,1,38
441,28/03/20,6:00 PM,Rajasthan,52,2,3,0,54
442,28/03/20,6:00 PM,Tamil Nadu,34,6,2,1,40
443,28/03/20,6:00 PM,Telengana,46,10,1,0,56
444,28/03/20,6:00 PM,Uttarakhand,4,1,0,0,5
445,28/03/20,6:00 PM,Uttar Pradesh,54,1,11,0,55
446,28/03/20,6:00 PM,West Bengal,15,0,0,1,15
447,29/03/20,7:30 PM,Andhra Pradesh,-,-,1,0,19
448,29/03/20,7:30 PM,Andaman and Nicobar Islands,-,-,0,0,9
449,29/03/20,7:30 PM,Bihar,-,-,0,1,11
450,29/03/20,7:30 PM,Chandigarh,-,-,0,0,8
451,29/03/20,7:30 PM,Chhattisgarh,-,-,0,0,7
452,29/03/20,7:30 PM,Delhi,-,-,6,2,49
453,29/03/20,7:30 PM,Goa,-,-,0,0,5
454,29/03/20,7:30 PM,Gujarat,-,-,1,5,58
455,29/03/20,7:30 PM,Haryana,-,-,17,0,33
456,29/03/20,7:30 PM,Himachal Pradesh,-,-,0,1,3
457,29/03/20,7:30 PM,Jammu and Kashmir,-,-,1,2,31
458,29/03/20,7:30 PM,Karnataka,-,-,5,3,76
459,29/03/20,7:30 PM,Kerala,-,-,15,1,182
460,29/03/20,7:30 PM,Ladakh,-,-,3,0,13
461,29/03/20,7:30 PM,Madhya Pradesh,-,-,0,2,30
462,29/03/20,7:30 PM,Maharashtra,-,-,25,6,186
463,29/03/20,7:30 PM,Manipur,-,-,0,0,1
464,29/03/20,7:30 PM,Mizoram,-,-,0,0,1
465,29/03/20,7:30 PM,Odisha,-,-,0,0,3
466,29/03/20,7:30 PM,Puducherry,-,-,0,0,1
467,29/03/20,7:30 PM,Punjab,-,-,1,1,38
468,29/03/20,7:30 PM,Rajasthan,-,-,3,0,55
469,29/03/20,7:30 PM,Tamil Nadu,-,-,4,1,49
470,29/03/20,7:30 PM,Telengana,-,-,1,1,66
471,29/03/20,7:30 PM,Uttarakhand,-,-,2,0,7
472,29/03/20,7:30 PM,Uttar Pradesh,-,-,11,0,65
473,29/03/20,7:30 PM,West Bengal,-,-,0,1,18
474,30/03/20,9:30 PM,Andhra Pradesh,-,-,1,0,23
475,30/03/20,9:30 PM,Andaman and Nicobar Islands,-,-,0,0,9
476,30/03/20,9:30 PM,Bihar,-,-,0,1,15
477,30/03/20,9:30 PM,Chandigarh,-,-,0,0,8
478,30/03/20,9:30 PM,Chhattisgarh,-,-,0,0,7
479,30/03/20,9:30 PM,Delhi,-,-,6,2,87
480,30/03/20,9:30 PM,Goa,-,-,0,0,5
481,30/03/20,9:30 PM,Gujarat,-,-,1,6,69
482,30/03/20,9:30 PM,Haryana,-,-,18,0,36
483,30/03/20,9:30 PM,Himachal Pradesh,-,-,0,1,3
484,30/03/20,9:30 PM,Jammu and Kashmir,-,-,2,2,48
485,30/03/20,9:30 PM,Karnataka,-,-,5,3,83
486,30/03/20,9:30 PM,Kerala,-,-,19,1,202
487,30/03/20,9:30 PM,Ladakh,-,-,3,0,13
488,30/03/20,9:30 PM,Madhya Pradesh,-,-,0,3,47
489,30/03/20,9:30 PM,Maharashtra,-,-,25,8,198
490,30/03/20,9:30 PM,Manipur,-,-,0,0,1
491,30/03/20,9:30 PM,Mizoram,-,-,0,0,1
492,30/03/20,9:30 PM,Odisha,-,-,0,0,3
493,30/03/20,9:30 PM,Puducherry,-,-,0,0,1
494,30/03/20,9:30 PM,Punjab,-,-,1,1,38
495,30/03/20,9:30 PM,Rajasthan,-,-,3,0,59
496,30/03/20,9:30 PM,Tamil Nadu,-,-,4,1,67
497,30/03/20,9:30 PM,Telengana,-,-,1,1,71
498,30/03/20,9:30 PM,Uttarakhand,-,-,2,0,7
499,30/03/20,9:30 PM,Uttar Pradesh,-,-,11,0,82
500,30/03/20,9:30 PM,West Bengal,-,-,0,1,22
501,30/03/20,9:30 PM,Unassigned,-,-,0,0,46
502,31/03/20,8:30 PM,Andhra Pradesh,-,-,1,0,40
503,31/03/20,8:30 PM,Andaman and Nicobar Islands,-,-,0,0,10
504,31/03/20,8:30 PM,Bihar,-,-,0,1,15
505,31/03/20,8:30 PM,Chandigarh,-,-,0,0,13
506,31/03/20,8:30 PM,Chhattisgarh,-,-,0,0,8
507,31/03/20,8:30 PM,Delhi,-,-,6,2,97
508,31/03/20,8:30 PM,Goa,-,-,0,0,5
509,31/03/20,8:30 PM,Gujarat,-,-,3,6,73
510,31/03/20,8:30 PM,Haryana,-,-,21,0,40
511,31/03/20,8:30 PM,Himachal Pradesh,-,-,0,1,3
512,31/03/20,8:30 PM,Jammu and Kashmir,-,-,2,2,54
513,31/03/20,8:30 PM,Karnataka,-,-,5,3,83
514,31/03/20,8:30 PM,Kerala,-,-,19,1,234
515,31/03/20,8:30 PM,Ladakh,-,-,3,0,13
516,31/03/20,8:30 PM,Madhya Pradesh,-,-,0,3,47
517,31/03/20,8:30 PM,Maharashtra,-,-,39,9,216
518,31/03/20,8:30 PM,Manipur,-,-,0,0,1
519,31/03/20,8:30 PM,Mizoram,-,-,0,0,1
520,31/03/20,8:30 PM,Odisha,-,-,0,0,3
521,31/03/20,8:30 PM,Puducherry,-,-,0,0,1
522,31/03/20,8:30 PM,Punjab,-,-,1,3,41
523,31/03/20,8:30 PM,Rajasthan,-,-,3,0,74
524,31/03/20,8:30 PM,Tamil Nadu,-,-,4,1,74
525,31/03/20,8:30 PM,Telengana,-,-,1,1,79
526,31/03/20,8:30 PM,Uttarakhand,-,-,2,0,7
527,31/03/20,8:30 PM,Uttar Pradesh,-,-,14,0,101
528,31/03/20,8:30 PM,West Bengal,-,-,0,2,26
529,31/03/20,8:30 PM,Unassigned,-,-,0,0,38
530,01/04/20,7:30 PM,Andhra Pradesh,-,-,1,0,83
531,01/04/20,7:30 PM,Andaman and Nicobar Islands,-,-,0,0,10
532,01/04/20,7:30 PM,Assam,-,-,0,0,1
533,01/04/20,7:30 PM,Bihar,-,-,0,1,23
534,01/04/20,7:30 PM,Chandigarh,-,-,0,0,16
535,01/04/20,7:30 PM,Chhattisgarh,-,-,2,0,9
536,01/04/20,7:30 PM,Delhi,-,-,6,2,152
537,01/04/20,7:30 PM,Goa,-,-,0,0,5
538,01/04/20,7:30 PM,Gujarat,-,-,5,6,82
539,01/04/20,7:30 PM,Haryana,-,-,21,0,43
540,01/04/20,7:30 PM,Himachal Pradesh,-,-,0,1,3
541,01/04/20,7:30 PM,Jammu and Kashmir,-,-,2,2,62
542,01/04/20,7:30 PM,Jharkhand,-,-,0,0,1
543,01/04/20,7:30 PM,Karnataka,-,-,8,3,101
544,01/04/20,7:30 PM,Kerala,-,-,23,2,241
545,01/04/20,7:30 PM,Ladakh,-,-,3,0,13
546,01/04/20,7:30 PM,Madhya Pradesh,-,-,0,3,66
547,01/04/20,7:30 PM,Maharashtra,-,-,39,9,302
548,01/04/20,7:30 PM,Manipur,-,-,0,0,1
549,01/04/20,7:30 PM,Mizoram,-,-,0,0,1
550,01/04/20,7:30 PM,Odisha,-,-,0,0,4
551,01/04/20,7:30 PM,Puducherry,-,-,1,0,3
552,01/04/20,7:30 PM,Punjab,-,-,1,3,42
553,01/04/20,7:30 PM,Rajasthan,-,-,3,0,93
554,01/04/20,7:30 PM,Tamil Nadu,-,-,6,1,234
555,01/04/20,7:30 PM,Telengana,-,-,1,3,96
556,01/04/20,7:30 PM,Uttarakhand,-,-,2,0,7
557,01/04/20,7:30 PM,Uttar Pradesh,-,-,14,2,103
558,01/04/20,7:30 PM,West Bengal,-,-,6,3,37
559,02/04/20,6:00 PM,Andhra Pradesh,-,-,1,1,86
560,02/04/20,6:00 PM,Andaman and Nicobar Islands,-,-,0,0,10
561,02/04/20,6:00 PM,Assam,-,-,0,0,5
562,02/04/20,6:00 PM,Bihar,-,-,0,1,24
563,02/04/20,6:00 PM,Chandigarh,-,-,0,0,16
564,02/04/20,6:00 PM,Chhattisgarh,-,-,2,0,9
565,02/04/20,6:00 PM,Delhi,-,-,8,4,219
566,02/04/20,6:00 PM,Goa,-,-,0,0,5
567,02/04/20,6:00 PM,Gujarat,-,-,8,7,87
568,02/04/20,6:00 PM,Haryana,-,-,21,0,43
569,02/04/20,6:00 PM,Himachal Pradesh,-,-,1,1,3
570,02/04/20,6:00 PM,Jammu and Kashmir,-,-,2,2,62
571,02/04/20,6:00 PM,Jharkhand,-,-,0,0,1
572,02/04/20,6:00 PM,Karnataka,-,-,9,3,110
573,02/04/20,6:00 PM,Kerala,-,-,25,2,265
574,02/04/20,6:00 PM,Ladakh,-,-,3,0,13
575,02/04/20,6:00 PM,Madhya Pradesh,-,-,0,6,99
576,02/04/20,6:00 PM,Maharashtra,-,-,42,13,335
577,02/04/20,6:00 PM,Manipur,-,-,0,0,1
578,02/04/20,6:00 PM,Mizoram,-,-,0,0,1
579,02/04/20,6:00 PM,Odisha,-,-,0,0,4
580,02/04/20,6:00 PM,Puducherry,-,-,1,0,3
581,02/04/20,6:00 PM,Punjab,-,-,1,4,46
582,02/04/20,6:00 PM,Rajasthan,-,-,3,0,108
583,02/04/20,6:00 PM,Tamil Nadu,-,-,6,1,234
584,02/04/20,6:00 PM,Telengana,-,-,1,3,107
585,02/04/20,6:00 PM,Uttarakhand,-,-,2,0,7
586,02/04/20,6:00 PM,Uttar Pradesh,-,-,14,2,113
587,02/04/20,6:00 PM,West Bengal,-,-,6,3,53
588,03/04/20,6:00 PM,Andhra Pradesh,-,-,1,1,132
589,03/04/20,6:00 PM,Andaman and Nicobar Islands,-,-,0,0,10
590,03/04/20,6:00 PM,Arunachal Pradesh,-,-,0,0,1
591,03/04/20,6:00 PM,Assam,-,-,0,0,16
592,03/04/20,6:00 PM,Bihar,-,-,0,1,29
593,03/04/20,6:00 PM,Chandigarh,-,-,0,0,18
594,03/04/20,6:00 PM,Chhattisgarh,-,-,3,0,9
595,03/04/20,6:00 PM,Delhi,-,-,8,4,219
596,03/04/20,6:00 PM,Goa,-,-,0,0,6
597,03/04/20,6:00 PM,Gujarat,-,-,10,8,95
598,03/04/20,6:00 PM,Haryana,-,-,24,0,49
599,03/04/20,6:00 PM,Himachal Pradesh,-,-,1,1,6
600,03/04/20,6:00 PM,Jammu and Kashmir,-,-,3,2,75
601,03/04/20,6:00 PM,Jharkhand,-,-,0,0,2
602,03/04/20,6:00 PM,Karnataka,-,-,10,3,124
603,03/04/20,6:00 PM,Kerala,-,-,27,2,286
604,03/04/20,6:00 PM,Ladakh,-,-,3,0,14
605,03/04/20,6:00 PM,Madhya Pradesh,-,-,0,6,104
606,03/04/20,6:00 PM,Maharashtra,-,-,42,16,335
607,03/04/20,6:00 PM,Manipur,-,-,0,0,2
608,03/04/20,6:00 PM,Mizoram,-,-,0,0,1
609,03/04/20,6:00 PM,Odisha,-,-,0,0,5
610,03/04/20,6:00 PM,Puducherry,-,-,1,0,5
611,03/04/20,6:00 PM,Punjab,-,-,1,5,48
612,03/04/20,6:00 PM,Rajasthan,-,-,3,0,167
613,03/04/20,6:00 PM,Tamil Nadu,-,-,6,1,309
614,03/04/20,6:00 PM,Telengana,-,-,1,7,158
615,03/04/20,6:00 PM,Uttarakhand,-,-,2,0,10
616,03/04/20,6:00 PM,Uttar Pradesh,-,-,14,2,172
617,03/04/20,6:00 PM,West Bengal,-,-,3,3,63
618,03/04/20,6:00 PM,Unassigned,-,-,0,0,77
619,04/04/20,6:00 PM,Andhra Pradesh,-,-,1,1,161
620,04/04/20,6:00 PM,Andaman and Nicobar Islands,-,-,0,0,10
621,04/04/20,6:00 PM,Arunachal Pradesh,-,-,0,0,1
622,04/04/20,6:00 PM,Assam,-,-,0,0,24
623,04/04/20,6:00 PM,Bihar,-,-,0,1,30
624,04/04/20,6:00 PM,Chandigarh,-,-,0,0,18
625,04/04/20,6:00 PM,Chhattisgarh,-,-,3,0,9
626,04/04/20,6:00 PM,Delhi,-,-,15,6,445
627,04/04/20,6:00 PM,Goa,-,-,0,0,7
628,04/04/20,6:00 PM,Gujarat,-,-,14,10,105
629,04/04/20,6:00 PM,Haryana,-,-,24,0,49
630,04/04/20,6:00 PM,Himachal Pradesh,-,-,1,1,6
631,04/04/20,6:00 PM,Jammu and Kashmir,-,-,3,2,75
632,04/04/20,6:00 PM,Jharkhand,-,-,0,0,2
633,04/04/20,6:00 PM,Karnataka,-,-,12,3,128
634,04/04/20,6:00 PM,Kerala,-,-,41,2,295
635,04/04/20,6:00 PM,Ladakh,-,-,3,0,14
636,04/04/20,6:00 PM,Madhya Pradesh,-,-,0,6,104
637,04/04/20,6:00 PM,Maharashtra,-,-,42,24,490
638,04/04/20,6:00 PM,Manipur,-,-,0,0,2
639,04/04/20,6:00 PM,Mizoram,-,-,0,0,1
640,04/04/20,6:00 PM,Odisha,-,-,0,0,5
641,04/04/20,6:00 PM,Puducherry,-,-,1,0,5
642,04/04/20,6:00 PM,Punjab,-,-,1,5,57
643,04/04/20,6:00 PM,Rajasthan,-,-,21,0,200
644,04/04/20,6:00 PM,Tamil Nadu,-,-,6,2,411
645,04/04/20,6:00 PM,Telengana,-,-,1,7,159
646,04/04/20,6:00 PM,Uttarakhand,-,-,2,0,16
647,04/04/20,6:00 PM,Uttar Pradesh,-,-,19,2,174
648,04/04/20,6:00 PM,West Bengal,-,-,3,3,69
649,05/04/20,6:00 PM,Andhra Pradesh,-,-,1,1,190
650,05/04/20,6:00 PM,Andaman and Nicobar Islands,-,-,0,0,10
651,05/04/20,6:00 PM,Arunachal Pradesh,-,-,0,0,1
652,05/04/20,6:00 PM,Assam,-,-,0,0,26
653,05/04/20,6:00 PM,Bihar,-,-,0,1,30
654,05/04/20,6:00 PM,Chandigarh,-,-,0,0,18
655,05/04/20,6:00 PM,Chhattisgarh,-,-,3,0,9
656,05/04/20,6:00 PM,Delhi,-,-,18,7,503
657,05/04/20,6:00 PM,Goa,-,-,0,0,7
658,05/04/20,6:00 PM,Gujarat,-,-,18,11,122
659,05/04/20,6:00 PM,Haryana,-,-,25,1,59
660,05/04/20,6:00 PM,Himachal Pradesh,-,-,1,1,6
661,05/04/20,6:00 PM,Jammu and Kashmir,-,-,4,2,106
662,05/04/20,6:00 PM,Jharkhand,-,-,0,0,3
663,05/04/20,6:00 PM,Karnataka,-,-,12,4,144
664,05/04/20,6:00 PM,Kerala,-,-,49,2,306
665,05/04/20,6:00 PM,Ladakh,-,-,10,0,14
666,05/04/20,6:00 PM,Madhya Pradesh,-,-,0,9,165
667,05/04/20,6:00 PM,Maharashtra,-,-,42,24,490
668,05/04/20,6:00 PM,Manipur,-,-,0,0,2
669,05/04/20,6:00 PM,Mizoram,-,-,0,0,1
670,05/04/20,6:00 PM,Odisha,-,-,0,0,20
671,05/04/20,6:00 PM,Puducherry,-,-,1,0,5
672,05/04/20,6:00 PM,Punjab,-,-,1,5,57
673,05/04/20,6:00 PM,Rajasthan,-,-,21,0,200
674,05/04/20,6:00 PM,Tamil Nadu,-,-,6,3,485
675,05/04/20,6:00 PM,Telengana,-,-,32,7,269
676,05/04/20,6:00 PM,Uttarakhand,-,-,2,0,22
677,05/04/20,6:00 PM,Uttar Pradesh,-,-,19,2,227
678,05/04/20,6:00 PM,West Bengal,-,-,10,3,80
679,06/04/20,6:00 PM,Andhra Pradesh,-,-,1,3,226
680,06/04/20,6:00 PM,Andaman and Nicobar Islands,-,-,0,0,10
681,06/04/20,6:00 PM,Arunachal Pradesh,-,-,0,0,1
682,06/04/20,6:00 PM,Assam,-,-,0,0,26
683,06/04/20,6:00 PM,Bihar,-,-,0,1,32
684,06/04/20,6:00 PM,Chandigarh,-,-,0,0,18
685,06/04/20,6:00 PM,Chhattisgarh,-,-,8,0,10
686,06/04/20,6:00 PM,Delhi,-,-,19,7,523
687,06/04/20,6:00 PM,Goa,-,-,0,0,7
688,06/04/20,6:00 PM,Gujarat,-,-,22,12,144
689,06/04/20,6:00 PM,Haryana,-,-,25,1,84
690,06/04/20,6:00 PM,Himachal Pradesh,-,-,2,1,13
691,06/04/20,6:00 PM,Jammu and Kashmir,-,-,4,2,109
692,06/04/20,6:00 PM,Jharkhand,-,-,0,0,4
693,06/04/20,6:00 PM,Karnataka,-,-,12,4,151
694,06/04/20,6:00 PM,Kerala,-,-,55,2,314
695,06/04/20,6:00 PM,Ladakh,-,-,10,0,14
696,06/04/20,6:00 PM,Madhya Pradesh,-,-,0,9,165
697,06/04/20,6:00 PM,Maharashtra,-,-,56,45,748
698,06/04/20,6:00 PM,Manipur,-,-,0,0,2
699,06/04/20,6:00 PM,Mizoram,-,-,0,0,1
700,06/04/20,6:00 PM,Odisha,-,-,2,0,21
701,06/04/20,6:00 PM,Puducherry,-,-,1,0,5
702,06/04/20,6:00 PM,Punjab,-,-,4,6,76
703,06/04/20,6:00 PM,Rajasthan,-,-,21,0,274
704,06/04/20,6:00 PM,Tamil Nadu,-,-,8,5,571
705,06/04/20,6:00 PM,Telengana,-,-,34,7,321
706,06/04/20,6:00 PM,Uttarakhand,-,-,4,0,26
707,06/04/20,6:00 PM,Uttar Pradesh,-,-,21,3,305
708,06/04/20,6:00 PM,West Bengal,-,-,10,3,80
709,07/04/20,6:00 PM,Andhra Pradesh,-,-,1,3,266
710,07/04/20,6:00 PM,Andaman and Nicobar Islands,-,-,0,0,10
711,07/04/20,6:00 PM,Arunachal Pradesh,-,-,0,0,1
712,07/04/20,6:00 PM,Assam,-,-,0,0,26
713,07/04/20,6:00 PM,Bihar,-,-,0,1,32
714,07/04/20,6:00 PM,Chandigarh,-,-,7,0,18
715,07/04/20,6:00 PM,Chhattisgarh,-,-,9,0,10
716,07/04/20,6:00 PM,Delhi,-,-,21,7,576
717,07/04/20,6:00 PM,Goa,-,-,0,0,7
718,07/04/20,6:00 PM,Gujarat,-,-,25,13,165
719,07/04/20,6:00 PM,Haryana,-,-,25,1,90
720,07/04/20,6:00 PM,Himachal Pradesh,-,-,2,1,13
721,07/04/20,6:00 PM,Jammu and Kashmir,-,-,4,2,116
722,07/04/20,6:00 PM,Jharkhand,-,-,0,0,4
723,07/04/20,6:00 PM,Karnataka,-,-,25,4,175
724,07/04/20,6:00 PM,Kerala,-,-,58,2,327
725,07/04/20,6:00 PM,Ladakh,-,-,10,0,14
726,07/04/20,6:00 PM,Madhya Pradesh,-,-,0,13,229
727,07/04/20,6:00 PM,Maharashtra,-,-,56,48,868
728,07/04/20,6:00 PM,Manipur,-,-,0,0,2
729,07/04/20,6:00 PM,Mizoram,-,-,0,0,1
730,07/04/20,6:00 PM,Odisha,-,-,2,1,42
731,07/04/20,6:00 PM,Puducherry,-,-,1,0,5
732,07/04/20,6:00 PM,Punjab,-,-,4,7,91
733,07/04/20,6:00 PM,Rajasthan,-,-,21,3,288
734,07/04/20,6:00 PM,Tamil Nadu,-,-,8,5,621
735,07/04/20,6:00 PM,Telengana,-,-,35,7,364
736,07/04/20,6:00 PM,Tripura,-,-,0,0,1
737,07/04/20,6:00 PM,Uttarakhand,-,-,5,0,31
738,07/04/20,6:00 PM,Uttar Pradesh,-,-,21,3,305
739,07/04/20,6:00 PM,West Bengal,-,-,13,3,91
740,08/04/20,5:00 PM,Andhra Pradesh,-,-,5,4,305
741,08/04/20,5:00 PM,Andaman and Nicobar Islands,-,-,0,0,10
742,08/04/20,5:00 PM,Arunachal Pradesh,-,-,0,0,1
743,08/04/20,5:00 PM,Assam,-,-,0,0,27
744,08/04/20,5:00 PM,Bihar,-,-,0,1,38
745,08/04/20,5:00 PM,Chandigarh,-,-,7,0,18
746,08/04/20,5:00 PM,Chhattisgarh,-,-,9,0,10
747,08/04/20,5:00 PM,Delhi,-,-,21,9,576
748,08/04/20,5:00 PM,Goa,-,-,0,0,7
749,08/04/20,5:00 PM,Gujarat,-,-,25,13,165
750,08/04/20,5:00 PM,Haryana,-,-,28,3,147
751,08/04/20,5:00 PM,Himachal Pradesh,-,-,2,1,18
752,08/04/20,5:00 PM,Jammu and Kashmir,-,-,4,2,116
753,08/04/20,5:00 PM,Jharkhand,-,-,0,0,4
754,08/04/20,5:00 PM,Karnataka,-,-,25,4,175
755,08/04/20,5:00 PM,Kerala,-,-,70,2,336
756,08/04/20,5:00 PM,Ladakh,-,-,10,0,14
757,08/04/20,5:00 PM,Madhya Pradesh,-,-,0,13,229
758,08/04/20,5:00 PM,Maharashtra,-,-,79,64,1018
759,08/04/20,5:00 PM,Manipur,-,-,0,0,2
760,08/04/20,5:00 PM,Mizoram,-,-,0,0,1
761,08/04/20,5:00 PM,Odisha,-,-,2,1,42
762,08/04/20,5:00 PM,Puducherry,-,-,1,0,5
763,08/04/20,5:00 PM,Punjab,-,-,4,7,91
764,08/04/20,5:00 PM,Rajasthan,-,-,21,3,328
765,08/04/20,5:00 PM,Tamil Nadu,-,-,19,7,690
766,08/04/20,5:00 PM,Telengana,-,-,35,7,427
767,08/04/20,5:00 PM,Tripura,-,-,0,0,1
768,08/04/20,5:00 PM,Uttarakhand,-,-,5,0,31
769,08/04/20,5:00 PM,Uttar Pradesh,-,-,26,3,343
770,08/04/20,5:00 PM,West Bengal,-,-,13,5,99
771,09/04/20,5:00 PM,Andhra Pradesh,-,-,6,4,348
772,09/04/20,5:00 PM,Andaman and Nicobar Islands,-,-,0,0,11
773,09/04/20,5:00 PM,Arunachal Pradesh,-,-,0,0,1
774,09/04/20,5:00 PM,Assam,-,-,0,0,28
775,09/04/20,5:00 PM,Bihar,-,-,0,1,39
776,09/04/20,5:00 PM,Chandigarh,-,-,7,0,18
777,09/04/20,5:00 PM,Chhattisgarh,-,-,9,0,10
778,09/04/20,5:00 PM,Delhi,-,-,21,9,669
779,09/04/20,5:00 PM,Goa,-,-,0,0,7
780,09/04/20,5:00 PM,Gujarat,-,-,25,16,179
781,09/04/20,5:00 PM,Haryana,-,-,29,3,169
782,09/04/20,5:00 PM,Himachal Pradesh,-,-,2,1,18
783,09/04/20,5:00 PM,Jammu and Kashmir,-,-,4,4,158
784,09/04/20,5:00 PM,Jharkhand,-,-,0,0,13
785,09/04/20,5:00 PM,Karnataka,-,-,28,5,181
786,09/04/20,5:00 PM,Kerala,-,-,83,2,345
787,09/04/20,5:00 PM,Ladakh,-,-,10,0,14
788,09/04/20,5:00 PM,Madhya Pradesh,-,-,0,16,259
789,09/04/20,5:00 PM,Maharashtra,-,-,117,72,1135
790,09/04/20,5:00 PM,Manipur,-,-,1,0,2
791,09/04/20,5:00 PM,Mizoram,-,-,0,0,1
792,09/04/20,5:00 PM,Odisha,-,-,2,1,42
793,09/04/20,5:00 PM,Puducherry,-,-,1,0,5
794,09/04/20,5:00 PM,Punjab,-,-,4,8,101
795,09/04/20,5:00 PM,Rajasthan,-,-,21,3,383
796,09/04/20,5:00 PM,Tamil Nadu,-,-,21,8,738
797,09/04/20,5:00 PM,Telengana,-,-,35,7,442
798,09/04/20,5:00 PM,Tripura,-,-,0,0,1
799,09/04/20,5:00 PM,Uttarakhand,-,-,5,0,35
800,09/04/20,5:00 PM,Uttar Pradesh,-,-,31,4,410
801,09/04/20,5:00 PM,West Bengal,-,-,16,5,103
802,10/04/20,5:00 PM,Andhra Pradesh,-,-,7,6,363
803,10/04/20,5:00 PM,Andaman and Nicobar Islands,-,-,0,0,11
804,10/04/20,5:00 PM,Arunachal Pradesh,-,-,0,0,1
805,10/04/20,5:00 PM,Assam,-,-,0,0,29
806,10/04/20,5:00 PM,Bihar,-,-,0,1,60
807,10/04/20,5:00 PM,Chandigarh,-,-,7,0,18
808,10/04/20,5:00 PM,Chhattisgarh,-,-,9,0,10
809,10/04/20,5:00 PM,Delhi,-,-,25,13,898
810,10/04/20,5:00 PM,Goa,-,-,1,0,7
811,10/04/20,5:00 PM,Gujarat,-,-,26,17,241
812,10/04/20,5:00 PM,Haryana,-,-,29,3,169
813,10/04/20,5:00 PM,Himachal Pradesh,-,-,6,1,28
814,10/04/20,5:00 PM,Jammu and Kashmir,-,-,6,4,184
815,10/04/20,5:00 PM,Jharkhand,-,-,0,1,13
816,10/04/20,5:00 PM,Karnataka,-,-,30,6,197
817,10/04/20,5:00 PM,Kerala,-,-,96,2,357
818,10/04/20,5:00 PM,Ladakh,-,-,10,0,15
819,10/04/20,5:00 PM,Madhya Pradesh,-,-,0,16,259
820,10/04/20,5:00 PM,Maharashtra,-,-,125,97,1364
821,10/04/20,5:00 PM,Manipur,-,-,1,0,2
822,10/04/20,5:00 PM,Mizoram,-,-,0,0,1
823,10/04/20,5:00 PM,Odisha,-,-,2,1,44
824,10/04/20,5:00 PM,Puducherry,-,-,1,0,5
825,10/04/20,5:00 PM,Punjab,-,-,5,11,132
826,10/04/20,5:00 PM,Rajasthan,-,-,21,3,463
827,10/04/20,5:00 PM,Tamil Nadu,-,-,21,8,834
828,10/04/20,5:00 PM,Telengana,-,-,35,7,473
829,10/04/20,5:00 PM,Tripura,-,-,0,0,1
830,10/04/20,5:00 PM,Uttarakhand,-,-,5,0,35
831,10/04/20,5:00 PM,Uttar Pradesh,-,-,32,4,431
832,10/04/20,5:00 PM,West Bengal,-,-,16,5,116
833,11/04/20,5:00 PM,Andhra Pradesh,-,-,11,6,381
834,11/04/20,5:00 PM,Andaman and Nicobar Islands,-,-,0,0,11
835,11/04/20,5:00 PM,Arunachal Pradesh,-,-,0,0,1
836,11/04/20,5:00 PM,Assam,-,-,0,1,29
837,11/04/20,5:00 PM,Bihar,-,-,0,1,60
838,11/04/20,5:00 PM,Chandigarh,-,-,7,0,18
839,11/04/20,5:00 PM,Chhattisgarh,-,-,9,0,18
840,11/04/20,5:00 PM,Delhi,-,-,25,14,903
841,11/04/20,5:00 PM,Goa,-,-,1,0,7
842,11/04/20,5:00 PM,Gujarat,-,-,31,19,308
843,11/04/20,5:00 PM,Haryana,-,-,29,3,177
844,11/04/20,5:00 PM,Himachal Pradesh,-,-,6,1,28
845,11/04/20,5:00 PM,Jammu and Kashmir,-,-,6,4,207
846,11/04/20,5:00 PM,Jharkhand,-,-,0,1,17
847,11/04/20,5:00 PM,Karnataka,-,-,37,6,214
848,11/04/20,5:00 PM,Kerala,-,-,123,2,364
849,11/04/20,5:00 PM,Ladakh,-,-,10,0,15
850,11/04/20,5:00 PM,Madhya Pradesh,-,-,0,33,443
851,11/04/20,5:00 PM,Maharashtra,-,-,188,110,1574
852,11/04/20,5:00 PM,Manipur,-,-,1,0,2
853,11/04/20,5:00 PM,Mizoram,-,-,0,0,1
854,11/04/20,5:00 PM,Odisha,-,-,2,1,48
855,11/04/20,5:00 PM,Puducherry,-,-,1,0,7
856,11/04/20,5:00 PM,Punjab,-,-,5,11,132
857,11/04/20,5:00 PM,Rajasthan,-,-,21,3,553
858,11/04/20,5:00 PM,Tamil Nadu,-,-,44,8,911
859,11/04/20,5:00 PM,Telengana,-,-,43,9,504
860,11/04/20,5:00 PM,Tripura,-,-,0,0,2
861,11/04/20,5:00 PM,Uttarakhand,-,-,5,0,35
862,11/04/20,5:00 PM,Uttar Pradesh,-,-,32,4,433
863,11/04/20,5:00 PM,West Bengal,-,-,16,5,126
864,12/04/20,5:00 PM,Andhra Pradesh,-,-,11,6,381
865,12/04/20,5:00 PM,Andaman and Nicobar Islands,-,-,10,0,11
866,12/04/20,5:00 PM,Arunachal Pradesh,-,-,0,0,1
867,12/04/20,5:00 PM,Assam,-,-,0,1,29
868,12/04/20,5:00 PM,Bihar,-,-,19,1,64
869,12/04/20,5:00 PM,Chandigarh,-,-,7,0,19
870,12/04/20,5:00 PM,Chhattisgarh,-,-,10,0,25
871,12/04/20,5:00 PM,Delhi,-,-,25,19,1069
872,12/04/20,5:00 PM,Goa,-,-,5,0,7
873,12/04/20,5:00 PM,Gujarat,-,-,44,22,432
874,12/04/20,5:00 PM,Haryana,-,-,29,3,185
875,12/04/20,5:00 PM,Himachal Pradesh,-,-,6,1,32
876,12/04/20,5:00 PM,Jammu and Kashmir,-,-,6,4,224
877,12/04/20,5:00 PM,Jharkhand,-,-,0,1,17
878,12/04/20,5:00 PM,Karnataka,-,-,37,6,226
879,12/04/20,5:00 PM,Kerala,-,-,142,2,374
880,12/04/20,5:00 PM,Ladakh,-,-,10,0,15
881,12/04/20,5:00 PM,Madhya Pradesh,-,-,0,36,564
882,12/04/20,5:00 PM,Maharashtra,-,-,208,127,1761
883,12/04/20,5:00 PM,Manipur,-,-,1,0,2
884,12/04/20,5:00 PM,Mizoram,-,-,0,0,1
885,12/04/20,5:00 PM,Odisha,-,-,12,1,54
886,12/04/20,5:00 PM,Puducherry,-,-,1,0,7
887,12/04/20,5:00 PM,Punjab,-,-,5,11,151
888,12/04/20,5:00 PM,Rajasthan,-,-,21,3,700
889,12/04/20,5:00 PM,Tamil Nadu,-,-,44,10,969
890,12/04/20,5:00 PM,Telengana,-,-,43,9,504
891,12/04/20,5:00 PM,Tripura,-,-,0,0,2
892,12/04/20,5:00 PM,Uttarakhand,-,-,5,0,35
893,12/04/20,5:00 PM,Uttar Pradesh,-,-,45,5,452
894,12/04/20,5:00 PM,West Bengal,-,-,19,5,134
895,13/04/20,5:00 PM,Andhra Pradesh,-,-,11,7,432
896,13/04/20,5:00 PM,Andaman and Nicobar Islands,-,-,10,0,11
897,13/04/20,5:00 PM,Arunachal Pradesh,-,-,0,0,1
898,13/04/20,5:00 PM,Assam,-,-,0,1,31
899,13/04/20,5:00 PM,Bihar,-,-,26,1,64
900,13/04/20,5:00 PM,Chandigarh,-,-,7,0,21
901,13/04/20,5:00 PM,Chhattisgarh,-,-,10,0,31
902,13/04/20,5:00 PM,Delhi,-,-,27,24,1154
903,13/04/20,5:00 PM,Goa,-,-,5,0,7
904,13/04/20,5:00 PM,Gujarat,-,-,47,26,539
905,13/04/20,5:00 PM,Haryana,-,-,29,3,185
906,13/04/20,5:00 PM,Himachal Pradesh,-,-,13,1,32
907,13/04/20,5:00 PM,Jammu and Kashmir,-,-,6,4,245
908,13/04/20,5:00 PM,Jharkhand,-,-,0,2,19
909,13/04/20,5:00 PM,Karnataka,-,-,59,6,247
910,13/04/20,5:00 PM,Kerala,-,-,179,3,376
911,13/04/20,5:00 PM,Ladakh,-,-,10,0,15
912,13/04/20,5:00 PM,Madhya Pradesh,-,-,44,43,604
913,13/04/20,5:00 PM,Maharashtra,-,-,217,149,1985
914,13/04/20,5:00 PM,Manipur,-,-,1,0,2
915,13/04/20,5:00 PM,Mizoram,-,-,0,0,1
916,13/04/20,5:00 PM,Nagaland,-,-,0,0,1
917,13/04/20,5:00 PM,Odisha,-,-,12,1,54
918,13/04/20,5:00 PM,Puducherry,-,-,1,0,7
919,13/04/20,5:00 PM,Punjab,-,-,14,11,167
920,13/04/20,5:00 PM,Rajasthan,-,-,21,3,812
921,13/04/20,5:00 PM,Tamil Nadu,-,-,50,11,1075
922,13/04/20,5:00 PM,Telengana,-,-,100,16,562
923,13/04/20,5:00 PM,Tripura,-,-,0,0,2
924,13/04/20,5:00 PM,Uttarakhand,-,-,5,0,35
925,13/04/20,5:00 PM,Uttar Pradesh,-,-,47,5,483
926,13/04/20,5:00 PM,West Bengal,-,-,29,7,152
927,14/04/20,5:00 PM,Andhra Pradesh,-,-,14,9,473
928,14/04/20,5:00 PM,Andaman and Nicobar Islands,-,-,10,0,11
929,14/04/20,5:00 PM,Arunachal Pradesh,-,-,0,0,1
930,14/04/20,5:00 PM,Assam,-,-,0,1,31
931,14/04/20,5:00 PM,Bihar,-,-,26,1,66
932,14/04/20,5:00 PM,Chandigarh,-,-,7,0,21
933,14/04/20,5:00 PM,Chhattisgarh,-,-,10,0,31
934,14/04/20,5:00 PM,Delhi,-,-,30,28,1510
935,14/04/20,5:00 PM,Goa,-,-,5,0,7
936,14/04/20,5:00 PM,Gujarat,-,-,55,26,617
937,14/04/20,5:00 PM,Haryana,-,-,34,3,199
938,14/04/20,5:00 PM,Himachal Pradesh,-,-,13,1,32
939,14/04/20,5:00 PM,Jammu and Kashmir,-,-,16,4,270
940,14/04/20,5:00 PM,Jharkhand,-,-,0,2,24
941,14/04/20,5:00 PM,Karnataka,-,-,65,9,258
942,14/04/20,5:00 PM,Kerala,-,-,198,3,379
943,14/04/20,5:00 PM,Ladakh,-,-,10,0,15
944,14/04/20,5:00 PM,Madhya Pradesh,-,-,51,50,730
945,14/04/20,5:00 PM,Maharashtra,-,-,229,160,2337
946,14/04/20,5:00 PM,Manipur,-,-,1,0,2
947,14/04/20,5:00 PM,Meghalaya,-,-,0,0,1
948,14/04/20,5:00 PM,Mizoram,-,-,0,0,1
949,14/04/20,5:00 PM,Nagaland,-,-,0,0,1
950,14/04/20,5:00 PM,Odisha,-,-,18,1,55
951,14/04/20,5:00 PM,Puducherry,-,-,1,0,7
952,14/04/20,5:00 PM,Punjab,-,-,14,12,176
953,14/04/20,5:00 PM,Rajasthan,-,-,133,3,879
954,14/04/20,5:00 PM,Tamil Nadu,-,-,58,11,1173
955,14/04/20,5:00 PM,Telengana,-,-,100,17,624
956,14/04/20,5:00 PM,Tripura,-,-,0,0,2
957,14/04/20,5:00 PM,Uttarakhand,-,-,7,0,35
958,14/04/20,5:00 PM,Uttar Pradesh,-,-,49,5,657
959,14/04/20,5:00 PM,West Bengal,-,-,36,7,190
960,15/04/20,5:00 PM,Andaman and Nicobar Islands,-,-,10,0,11
961,15/04/20,5:00 PM,Andhra Pradesh,-,-,16,9,503
962,15/04/20,5:00 PM,Arunachal Pradesh,-,-,0,0,1
963,15/04/20,5:00 PM,Assam,-,-,0,1,33
964,15/04/20,5:00 PM,Bihar,-,-,29,1,70
965,15/04/20,5:00 PM,Chandigarh,-,-,7,0,21
966,15/04/20,5:00 PM,Chhattisgarh,-,-,13,0,33
967,15/04/20,5:00 PM,Delhi,-,-,30,30,1561
968,15/04/20,5:00 PM,Goa,-,-,5,0,7
969,15/04/20,5:00 PM,Gujarat,-,-,59,30,695
970,15/04/20,5:00 PM,Haryana,-,-,34,3,199
971,15/04/20,5:00 PM,Himachal Pradesh,-,-,13,1,33
972,15/04/20,5:00 PM,Jammu and Kashmir,-,-,30,4,278
973,15/04/20,5:00 PM,Jharkhand,-,-,0,2,27
974,15/04/20,5:00 PM,Karnataka,-,-,75,11,277
975,15/04/20,5:00 PM,Kerala,-,-,211,3,387
976,15/04/20,5:00 PM,Ladakh,-,-,10,0,17
977,15/04/20,5:00 PM,Madhya Pradesh,-,-,64,53,987
978,15/04/20,5:00 PM,Maharashtra,-,-,259,178,2687
979,15/04/20,5:00 PM,Manipur,-,-,1,0,2
980,15/04/20,5:00 PM,Meghalaya,-,-,0,1,7
981,15/04/20,5:00 PM,Mizoram,-,-,0,0,1
982,15/04/20,5:00 PM,Nagaland,-,-,0,0,0
983,15/04/20,5:00 PM,Odisha,-,-,18,1,60
984,15/04/20,5:00 PM,Puducherry,-,-,1,0,7
985,15/04/20,5:00 PM,Punjab,-,-,14,13,186
986,15/04/20,5:00 PM,Rajasthan,-,-,147,3,1005
987,15/04/20,5:00 PM,Tamil Nadu,-,-,81,12,1204
988,15/04/20,5:00 PM,Telengana,-,-,120,18,647
989,15/04/20,5:00 PM,Tripura,-,-,0,0,2
990,15/04/20,5:00 PM,Uttarakhand,-,-,9,0,37
991,15/04/20,5:00 PM,Uttar Pradesh,-,-,51,11,735
992,15/04/20,5:00 PM,West Bengal,-,-,37,7,213
993,16/04/20,5:00 PM,Andaman and Nicobar Islands,-,-,10,0,11
994,16/04/20,5:00 PM,Andhra Pradesh,-,-,20,14,534
995,16/04/20,5:00 PM,Arunachal Pradesh,-,-,0,0,1
996,16/04/20,5:00 PM,Assam,-,-,5,1,33
997,16/04/20,5:00 PM,Bihar,-,-,29,1,74
998,16/04/20,5:00 PM,Chandigarh,-,-,7,0,21
999,16/04/20,5:00 PM,Chhattisgarh,-,-,17,0,33
1000,16/04/20,5:00 PM,Delhi,-,-,42,32,1578
1001,16/04/20,5:00 PM,Goa,-,-,5,0,7
1002,16/04/20,5:00 PM,Gujarat,-,-,64,36,871
1003,16/04/20,5:00 PM,Haryana,-,-,43,3,205
1004,16/04/20,5:00 PM,Himachal Pradesh,-,-,16,1,35
1005,16/04/20,5:00 PM,Jammu and Kashmir,-,-,36,4,300
1006,16/04/20,5:00 PM,Jharkhand,-,-,0,2,28
1007,16/04/20,5:00 PM,Karnataka,-,-,82,13,315
1008,16/04/20,5:00 PM,Kerala,-,-,218,3,388
1009,16/04/20,5:00 PM,Ladakh,-,-,10,0,17
1010,16/04/20,5:00 PM,Madhya Pradesh,-,-,64,53,1120
1011,16/04/20,5:00 PM,Maharashtra,-,-,295,187,2919
1012,16/04/20,5:00 PM,Manipur,-,-,1,0,2
1013,16/04/20,5:00 PM,Meghalaya,-,-,0,1,7
1014,16/04/20,5:00 PM,Mizoram,-,-,0,0,1
1015,16/04/20,5:00 PM,Nagaland,-,-,0,0,0
1016,16/04/20,5:00 PM,Odisha,-,-,18,1,60
1017,16/04/20,5:00 PM,Puducherry,-,-,1,0,7
1018,16/04/20,5:00 PM,Punjab,-,-,27,13,186
1019,16/04/20,5:00 PM,Rajasthan,-,-,147,3,1023
1020,16/04/20,5:00 PM,Tamil Nadu,-,-,118,14,1242
1021,16/04/20,5:00 PM,Telengana,-,-,120,18,698
1022,16/04/20,5:00 PM,Tripura,-,-,1,0,2
1023,16/04/20,5:00 PM,Uttarakhand,-,-,9,0,37
1024,16/04/20,5:00 PM,Uttar Pradesh,-,-,68,13,773
1025,16/04/20,5:00 PM,West Bengal,-,-,42,7,231
1026,17/04/20,4:00 PM,Andaman and Nicobar Islands,-,-,11,0,12
1027,17/04/20,4:00 PM,Andhra Pradesh,-,-,36,14,572
1028,17/04/20,4:00 PM,Arunachal Pradesh,-,-,0,0,1
1029,17/04/20,4:00 PM,Assam,-,-,5,1,35
1030,17/04/20,4:00 PM,Bihar,-,-,37,2,83
1031,17/04/20,4:00 PM,Chandigarh,-,-,9,0,21
1032,17/04/20,4:00 PM,Chhattisgarh,-,-,24,0,36
1033,17/04/20,4:00 PM,Delhi,-,-,72,42,1707
1034,17/04/20,4:00 PM,Goa,-,-,6,0,7
1035,17/04/20,4:00 PM,Gujarat,-,-,86,41,1099
1036,17/04/20,4:00 PM,Haryana,-,-,43,3,225
1037,17/04/20,4:00 PM,Himachal Pradesh,-,-,16,1,36
1038,17/04/20,4:00 PM,Jammu and Kashmir,-,-,42,5,328
1039,17/04/20,4:00 PM,Jharkhand,-,-,0,2,33
1040,17/04/20,4:00 PM,Karnataka,-,-,89,13,359
1041,17/04/20,4:00 PM,Kerala,-,-,255,3,396
1042,17/04/20,4:00 PM,Ladakh,-,-,14,0,18
1043,17/04/20,4:00 PM,Madhya Pradesh,-,-,69,69,1310
1044,17/04/20,4:00 PM,Maharashtra,-,-,331,201,3323
1045,17/04/20,4:00 PM,Manipur,-,-,1,0,2
1046,17/04/20,4:00 PM,Meghalaya,-,-,0,1,9
1047,17/04/20,4:00 PM,Mizoram,-,-,0,0,1
1048,17/04/20,4:00 PM,Nagaland,-,-,0,0,0
1049,17/04/20,4:00 PM,Odisha,-,-,19,1,60
1050,17/04/20,4:00 PM,Puducherry,-,-,1,0,7
1051,17/04/20,4:00 PM,Punjab,-,-,27,13,202
1052,17/04/20,4:00 PM,Rajasthan,-,-,183,11,1229
1053,17/04/20,4:00 PM,Tamil Nadu,-,-,283,15,1323
1054,17/04/20,4:00 PM,Telengana,-,-,186,18,766
1055,17/04/20,4:00 PM,Tripura,-,-,1,0,2
1056,17/04/20,4:00 PM,Uttarakhand,-,-,9,0,40
1057,17/04/20,4:00 PM,Uttar Pradesh,-,-,82,14,849
1058,17/04/20,4:00 PM,West Bengal,-,-,55,10,287
1059,18/04/20,9:00 AM,Andaman and Nicobar Islands,-,-,11,0,14
1060,18/04/20,9:00 AM,Andhra Pradesh,-,-,42,15,603
1061,18/04/20,9:00 AM,Arunachal Pradesh,-,-,0,0,1
1062,18/04/20,9:00 AM,Assam,-,-,12,1,35
1063,18/04/20,9:00 AM,Bihar,-,-,37,2,86
1064,18/04/20,9:00 AM,Chandigarh,-,-,10,0,23
1065,18/04/20,9:00 AM,Chhattisgarh,-,-,24,0,36
1066,18/04/20,9:00 AM,Delhi,-,-,72,42,1893
1067,18/04/20,9:00 AM,Goa,-,-,6,0,7
1068,18/04/20,9:00 AM,Gujarat,-,-,93,53,1376
1069,18/04/20,9:00 AM,Haryana,-,-,43,3,225
1070,18/04/20,9:00 AM,Himachal Pradesh,-,-,16,1,39
1071,18/04/20,9:00 AM,Jammu and Kashmir,-,-,51,5,341
1072,18/04/20,9:00 AM,Jharkhand,-,-,0,2,34
1073,18/04/20,9:00 AM,Karnataka,-,-,104,14,384
1074,18/04/20,9:00 AM,Kerala,-,-,257,3,400
1075,18/04/20,9:00 AM,Ladakh,-,-,14,0,18
1076,18/04/20,9:00 AM,Madhya Pradesh,-,-,127,70,1407
1077,18/04/20,9:00 AM,Maharashtra,-,-,365,211,3651
1078,18/04/20,9:00 AM,Manipur,-,-,1,0,2
1079,18/04/20,9:00 AM,Meghalaya,-,-,0,1,11
1080,18/04/20,9:00 AM,Mizoram,-,-,0,0,1
1081,18/04/20,9:00 AM,Nagaland,-,-,0,0,0
1082,18/04/20,9:00 AM,Odisha,-,-,24,1,61
1083,18/04/20,9:00 AM,Puducherry,-,-,3,0,7
1084,18/04/20,9:00 AM,Punjab,-,-,27,13,202
1085,18/04/20,9:00 AM,Rajasthan,-,-,183,11,1351
1086,18/04/20,9:00 AM,Tamil Nadu,-,-,365,15,1372
1087,18/04/20,9:00 AM,Telengana,-,-,186,18,809
1088,18/04/20,9:00 AM,Tripura,-,-,1,0,2
1089,18/04/20,9:00 AM,Uttarakhand,-,-,9,0,42
1090,18/04/20,9:00 AM,Uttar Pradesh,-,-,86,14,969
1091,18/04/20,9:00 AM,West Bengal,-,-,62,12,310
1092,19/04/20,8:00 AM,Andaman and Nicobar Islands,-,-,11,0,14
1093,19/04/20,8:00 AM,Andhra Pradesh,-,-,42,15,603
1094,19/04/20,8:00 AM,Arunachal Pradesh,-,-,0,0,1
1095,19/04/20,8:00 AM,Assam,-,-,12,1,35
1096,19/04/20,8:00 AM,Bihar,-,-,37,2,86
1097,19/04/20,8:00 AM,Chandigarh,-,-,10,0,23
1098,19/04/20,8:00 AM,Chhattisgarh,-,-,24,0,36
1099,19/04/20,8:00 AM,Delhi,-,-,72,43,1893
1100,19/04/20,8:00 AM,Goa,-,-,6,0,7
1101,19/04/20,8:00 AM,Gujarat,-,-,94,58,1604
1102,19/04/20,8:00 AM,Haryana,-,-,87,3,233
1103,19/04/20,8:00 AM,Himachal Pradesh,-,-,16,1,39
1104,19/04/20,8:00 AM,Jammu and Kashmir,-,-,51,5,341
1105,19/04/20,8:00 AM,Jharkhand,-,-,0,2,35
1106,19/04/20,8:00 AM,Karnataka,-,-,104,14,384
1107,19/04/20,8:00 AM,Kerala,-,-,257,3,400
1108,19/04/20,8:00 AM,Ladakh,-,-,14,0,18
1109,19/04/20,8:00 AM,Madhya Pradesh,-,-,127,70,1407
1110,19/04/20,8:00 AM,Maharashtra,-,-,365,211,3651
1111,19/04/20,8:00 AM,Manipur,-,-,1,0,2
1112,19/04/20,8:00 AM,Meghalaya,-,-,0,1,11
1113,19/04/20,8:00 AM,Mizoram,-,-,0,0,1
1114,19/04/20,8:00 AM,Nagaland,-,-,0,0,0
1115,19/04/20,8:00 AM,Odisha,-,-,24,1,61
1116,19/04/20,8:00 AM,Puducherry,-,-,3,0,7
1117,19/04/20,8:00 AM,Punjab,-,-,31,16,219
1118,19/04/20,8:00 AM,Rajasthan,-,-,183,11,1351
1119,19/04/20,8:00 AM,Tamil Nadu,-,-,365,15,1372
1120,19/04/20,8:00 AM,Telengana,-,-,186,18,844
1121,19/04/20,8:00 AM,Tripura,-,-,1,0,2
1122,19/04/20,8:00 AM,Uttarakhand,-,-,9,0,42
1123,19/04/20,8:00 AM,Uttar Pradesh,-,-,108,17,1084
1124,19/04/20,8:00 AM,West Bengal,-,-,62,12,310
1125,20/04/20,3:00 PM,Andaman and Nicobar Islands,-,-,11,0,16
1126,20/04/20,3:00 PM,Andhra Pradesh,-,-,92,20,722
1127,20/04/20,3:00 PM,Arunachal Pradesh,-,-,0,0,1
1128,20/04/20,3:00 PM,Assam,-,-,19,1,35
1129,20/04/20,3:00 PM,Bihar,-,-,42,2,113
1130,20/04/20,3:00 PM,Chandigarh,-,-,13,0,26
1131,20/04/20,3:00 PM,Chhattisgarh,-,-,25,0,36
1132,20/04/20,3:00 PM,Delhi,-,-,431,47,2081
1133,20/04/20,3:00 PM,Goa,-,-,7,0,7
1134,20/04/20,3:00 PM,Gujarat,-,-,131,71,1939
1135,20/04/20,3:00 PM,Haryana,-,-,127,3,254
1136,20/04/20,3:00 PM,Himachal Pradesh,-,-,16,1,39
1137,20/04/20,3:00 PM,Jammu and Kashmir,-,-,71,5,368
1138,20/04/20,3:00 PM,Jharkhand,-,-,0,2,46
1139,20/04/20,3:00 PM,Karnataka,-,-,112,16,408
1140,20/04/20,3:00 PM,Kerala,-,-,291,3,408
1141,20/04/20,3:00 PM,Ladakh,-,-,14,0,18
1142,20/04/20,3:00 PM,Madhya Pradesh,-,-,127,74,1485
1143,20/04/20,3:00 PM,Maharashtra,-,-,572,232,4666
1144,20/04/20,3:00 PM,Manipur,-,-,2,0,2
1145,20/04/20,3:00 PM,Meghalaya,-,-,0,1,11
1146,20/04/20,3:00 PM,Mizoram,-,-,0,0,1
1147,20/04/20,3:00 PM,Nagaland,-,-,0,0,0
1148,20/04/20,3:00 PM,Odisha,-,-,24,1,74
1149,20/04/20,3:00 PM,Puducherry,-,-,3,0,7
1150,20/04/20,3:00 PM,Punjab,-,-,38,16,245
1151,20/04/20,3:00 PM,Rajasthan,-,-,205,25,1576
1152,20/04/20,3:00 PM,Tamil Nadu,-,-,457,17,1520
1153,20/04/20,3:00 PM,Telengana,-,-,190,23,873
1154,20/04/20,3:00 PM,Tripura,-,-,1,0,2
1155,20/04/20,3:00 PM,Uttarakhand,-,-,18,0,46
1156,20/04/20,3:00 PM,Uttar Pradesh,-,-,140,18,1184
1157,20/04/20,3:00 PM,West Bengal,-,-,73,12,392
1158,21/04/20,7:00 AM,Andaman and Nicobar Islands,-,-,11,0,16
1159,21/04/20,7:00 AM,Andhra Pradesh,-,-,96,22,757
1160,21/04/20,7:00 AM,Arunachal Pradesh,-,-,1,0,1
1161,21/04/20,7:00 AM,Assam,-,-,19,1,35
1162,21/04/20,7:00 AM,Bihar,-,-,42,2,114
1163,21/04/20,7:00 AM,Chandigarh,-,-,13,0,26
1164,21/04/20,7:00 AM,Chhattisgarh,-,-,25,0,36
1165,21/04/20,7:00 AM,Delhi,-,-,431,47,2081
1166,21/04/20,7:00 AM,Goa,-,-,7,0,7
1167,21/04/20,7:00 AM,Gujarat,-,-,131,77,2066
1168,21/04/20,7:00 AM,Haryana,-,-,127,3,254
1169,21/04/20,7:00 AM,Himachal Pradesh,-,-,16,1,39
1170,21/04/20,7:00 AM,Jammu and Kashmir,-,-,71,5,368
1171,21/04/20,7:00 AM,Jharkhand,-,-,0,2,46
1172,21/04/20,7:00 AM,Karnataka,-,-,114,17,415
1173,21/04/20,7:00 AM,Kerala,-,-,291,3,408
1174,21/04/20,7:00 AM,Ladakh,-,-,14,0,18
1175,21/04/20,7:00 AM,Madhya Pradesh,-,-,127,76,1540
1176,21/04/20,7:00 AM,Maharashtra,-,-,572,232,4669
1177,21/04/20,7:00 AM,Manipur,-,-,2,0,2
1178,21/04/20,7:00 AM,Meghalaya,-,-,0,1,11
1179,21/04/20,7:00 AM,Mizoram,-,-,0,0,1
1180,21/04/20,7:00 AM,Nagaland,-,-,0,0,0
1181,21/04/20,7:00 AM,Odisha,-,-,24,1,74
1182,21/04/20,7:00 AM,Puducherry,-,-,3,0,7
1183,21/04/20,7:00 AM,Punjab,-,-,39,16,245
1184,21/04/20,7:00 AM,Rajasthan,-,-,205,25,1576
1185,21/04/20,7:00 AM,Tamil Nadu,-,-,457,17,1520
1186,21/04/20,7:00 AM,Telengana,-,-,190,23,919
1187,21/04/20,7:00 AM,Tripura,-,-,1,0,2
1188,21/04/20,7:00 AM,Uttarakhand,-,-,18,0,46
1189,21/04/20,7:00 AM,Uttar Pradesh,-,-,140,20,1294
1190,21/04/20,7:00 AM,West Bengal,-,-,73,12,392
1191,22/04/20,9:00 AM,Andaman and Nicobar Islands,-,-,11,0,17
1192,22/04/20,9:00 AM,Andhra Pradesh,-,-,120,24,813
1193,22/04/20,9:00 AM,Arunachal Pradesh,-,-,1,0,1
1194,22/04/20,9:00 AM,Assam,-,-,19,1,35
1195,22/04/20,9:00 AM,Bihar,-,-,46,2,126
1196,22/04/20,9:00 AM,Chandigarh,-,-,14,0,27
1197,22/04/20,9:00 AM,Chhattisgarh,-,-,26,0,36
1198,22/04/20,9:00 AM,Delhi,-,-,611,47,2156
1199,22/04/20,9:00 AM,Goa,-,-,7,0,7
1200,22/04/20,9:00 AM,Gujarat,-,-,144,95,2272
1201,22/04/20,9:00 AM,Haryana,-,-,127,3,254
1202,22/04/20,9:00 AM,Himachal Pradesh,-,-,16,1,39
1203,22/04/20,9:00 AM,Jammu and Kashmir,-,-,81,5,380
1204,22/04/20,9:00 AM,Jharkhand,-,-,0,3,45
1205,22/04/20,9:00 AM,Karnataka,-,-,129,17,425
1206,22/04/20,9:00 AM,Kerala,-,-,323,3,427
1207,22/04/20,9:00 AM,Ladakh,-,-,14,0,18
1208,22/04/20,9:00 AM,Madhya Pradesh,-,-,148,80,1592
1209,22/04/20,9:00 AM,Maharashtra,-,-,722,251,5221
1210,22/04/20,9:00 AM,Manipur,-,-,2,0,2
1211,22/04/20,9:00 AM,Meghalaya,-,-,0,1,12
1212,22/04/20,9:00 AM,Mizoram,-,-,0,0,1
1213,22/04/20,9:00 AM,Nagaland,-,-,0,0,0
1214,22/04/20,9:00 AM,Odisha,-,-,30,1,82
1215,22/04/20,9:00 AM,Puducherry,-,-,3,0,7
1216,22/04/20,9:00 AM,Punjab,-,-,49,16,251
1217,22/04/20,9:00 AM,Rajasthan,-,-,230,25,1801
1218,22/04/20,9:00 AM,Tamil Nadu,-,-,635,18,1596
1219,22/04/20,9:00 AM,Telengana,-,-,194,23,945
1220,22/04/20,9:00 AM,Tripura,-,-,1,0,2
1221,22/04/20,9:00 AM,Uttarakhand,-,-,19,0,46
1222,22/04/20,9:00 AM,Uttar Pradesh,-,-,165,21,1412
1223,22/04/20,9:00 AM,West Bengal,-,-,73,15,423
1224,23/04/20,9:00 AM,Andaman and Nicobar Islands,-,-,11,0,22
1225,23/04/20,9:00 AM,Andhra Pradesh,-,-,141,27,895
1226,23/04/20,9:00 AM,Arunachal Pradesh,-,-,1,0,1
1227,23/04/20,9:00 AM,Assam,-,-,19,1,36
1228,23/04/20,9:00 AM,Bihar,-,-,46,2,153
1229,23/04/20,9:00 AM,Chandigarh,-,-,14,0,27
1230,23/04/20,9:00 AM,Chhattisgarh,-,-,28,0,36
1231,23/04/20,9:00 AM,Delhi,-,-,808,50,2376
1232,23/04/20,9:00 AM,Goa,-,-,7,0,7
1233,23/04/20,9:00 AM,Gujarat,-,-,258,112,2624
1234,23/04/20,9:00 AM,Haryana,-,-,156,3,272
1235,23/04/20,9:00 AM,Himachal Pradesh,-,-,18,1,40
1236,23/04/20,9:00 AM,Jammu and Kashmir,-,-,92,5,427
1237,23/04/20,9:00 AM,Jharkhand,-,-,8,3,53
1238,23/04/20,9:00 AM,Karnataka,-,-,145,17,445
1239,23/04/20,9:00 AM,Kerala,-,-,324,3,447
1240,23/04/20,9:00 AM,Ladakh,-,-,14,0,18
1241,23/04/20,9:00 AM,Madhya Pradesh,-,-,203,83,1699
1242,23/04/20,9:00 AM,Maharashtra,-,-,840,283,6430
1243,23/04/20,9:00 AM,Manipur,-,-,2,0,2
1244,23/04/20,9:00 AM,Meghalaya,-,-,0,1,12
1245,23/04/20,9:00 AM,Mizoram,-,-,0,0,1
1246,23/04/20,9:00 AM,Nagaland,-,-,0,0,0
1247,23/04/20,9:00 AM,Odisha,-,-,33,1,90
1248,23/04/20,9:00 AM,Puducherry,-,-,3,0,7
1249,23/04/20,9:00 AM,Punjab,-,-,65,16,277
1250,23/04/20,9:00 AM,Rajasthan,-,-,230,27,1964
1251,23/04/20,9:00 AM,Tamil Nadu,-,-,752,20,1683
1252,23/04/20,9:00 AM,Telengana,-,-,197,24,960
1253,23/04/20,9:00 AM,Tripura,-,-,1,0,2
1254,23/04/20,9:00 AM,Uttarakhand,-,-,24,0,47
1255,23/04/20,9:00 AM,Uttar Pradesh,-,-,206,24,1510
1256,23/04/20,9:00 AM,West Bengal,-,-,103,15,514
1257,24/04/20,9:00 AM,Andaman and Nicobar Islands,-,-,11,0,27
1258,24/04/20,9:00 AM,Andhra Pradesh,-,-,145,29,955
1259,24/04/20,9:00 AM,Arunachal Pradesh,-,-,1,0,1
1260,24/04/20,9:00 AM,Assam,-,-,19,1,36
1261,24/04/20,9:00 AM,Bihar,-,-,46,2,223
1262,24/04/20,9:00 AM,Chandigarh,-,-,14,0,27
1263,24/04/20,9:00 AM,Chhattisgarh,-,-,30,0,36
1264,24/04/20,9:00 AM,Delhi,-,-,857,53,2514
1265,24/04/20,9:00 AM,Goa,-,-,7,0,7
1266,24/04/20,9:00 AM,Gujarat,-,-,265,127,2815
1267,24/04/20,9:00 AM,Haryana,-,-,156,3,272
1268,24/04/20,9:00 AM,Himachal Pradesh,-,-,18,1,40
1269,24/04/20,9:00 AM,Jammu and Kashmir,-,-,109,5,454
1270,24/04/20,9:00 AM,Jharkhand,-,-,8,3,57
1271,24/04/20,9:00 AM,Karnataka,-,-,152,18,474
1272,24/04/20,9:00 AM,Kerala,-,-,331,3,450
1273,24/04/20,9:00 AM,Ladakh,-,-,14,0,20
1274,24/04/20,9:00 AM,Madhya Pradesh,-,-,210,92,1852
1275,24/04/20,9:00 AM,Maharashtra,-,-,840,301,6817
1276,24/04/20,9:00 AM,Manipur,-,-,2,0,2
1277,24/04/20,9:00 AM,Meghalaya,-,-,0,1,12
1278,24/04/20,9:00 AM,Mizoram,-,-,0,0,1
1279,24/04/20,9:00 AM,Nagaland,-,-,0,0,0
1280,24/04/20,9:00 AM,Odisha,-,-,33,1,94
1281,24/04/20,9:00 AM,Puducherry,-,-,3,0,7
1282,24/04/20,9:00 AM,Punjab,-,-,67,17,298
1283,24/04/20,9:00 AM,Rajasthan,-,-,230,27,2034
1284,24/04/20,9:00 AM,Tamil Nadu,-,-,866,22,1755
1285,24/04/20,9:00 AM,Telengana,-,-,253,26,984
1286,24/04/20,9:00 AM,Tripura,-,-,1,0,2
1287,24/04/20,9:00 AM,Uttarakhand,-,-,25,0,48
1288,24/04/20,9:00 AM,Uttar Pradesh,-,-,247,25,1621
1289,24/04/20,9:00 AM,West Bengal,-,-,103,18,571
1290,25/04/20,8:40 AM,Andaman and Nicobar Islands,-,-,11,0,27
1291,25/04/20,8:40 AM,Andhra Pradesh,-,-,171,31,1061
1292,25/04/20,8:40 AM,Arunachal Pradesh,-,-,1,0,1
1293,25/04/20,8:40 AM,Assam,-,-,19,1,36
1294,25/04/20,8:40 AM,Bihar,-,-,46,2,228
1295,25/04/20,8:40 AM,Chandigarh,-,-,15,0,28
1296,25/04/20,8:40 AM,Chhattisgarh,-,-,30,0,36
1297,25/04/20,8:40 AM,Delhi,-,-,857,53,2514
1298,25/04/20,8:40 AM,Goa,-,-,7,0,7
1299,25/04/20,8:40 AM,Gujarat,-,-,265,127,2815
1300,25/04/20,8:40 AM,Haryana,-,-,156,3,272
1301,25/04/20,8:40 AM,Himachal Pradesh,-,-,18,1,40
1302,25/04/20,8:40 AM,Jammu and Kashmir,-,-,109,5,454
1303,25/04/20,8:40 AM,Jharkhand,-,-,9,3,59
1304,25/04/20,8:40 AM,Karnataka,-,-,153,18,489
1305,25/04/20,8:40 AM,Kerala,-,-,331,4,451
1306,25/04/20,8:40 AM,Ladakh,-,-,14,0,20
1307,25/04/20,8:40 AM,Madhya Pradesh,-,-,210,92,1952
1308,25/04/20,8:40 AM,Maharashtra,-,-,957,301,6817
1309,25/04/20,8:40 AM,Manipur,-,-,2,0,2
1310,25/04/20,8:40 AM,Meghalaya,-,-,0,1,12
1311,25/04/20,8:40 AM,Mizoram,-,-,0,0,1
1312,25/04/20,8:40 AM,Nagaland,-,-,0,0,0
1313,25/04/20,8:40 AM,Odisha,-,-,33,1,94
1314,25/04/20,8:40 AM,Puducherry,-,-,3,0,7
1315,25/04/20,8:40 AM,Punjab,-,-,67,17,298
1316,25/04/20,8:40 AM,Rajasthan,-,-,230,27,2034
1317,25/04/20,8:40 AM,Tamil Nadu,-,-,866,22,1755
1318,25/04/20,8:40 AM,Telengana,-,-,253,26,984
1319,25/04/20,8:40 AM,Tripura,-,-,1,0,2
1320,25/04/20,8:40 AM,Uttarakhand,-,-,25,0,48
1321,25/04/20,8:40 AM,Uttar Pradesh,-,-,248,26,1778
1322,25/04/20,8:40 AM,West Bengal,-,-,103,18,571
1323,26/04/20,10:00 AM,Andaman and Nicobar Islands,-,-,11,0,33
1324,26/04/20,10:00 AM,Andhra Pradesh,-,-,231,31,1097
1325,26/04/20,10:00 AM,Arunachal Pradesh,-,-,1,0,1
1326,26/04/20,10:00 AM,Assam,-,-,27,1,36
1327,26/04/20,10:00 AM,Bihar,-,-,56,2,274
1328,26/04/20,10:00 AM,Chandigarh,-,-,17,0,30
1329,26/04/20,10:00 AM,Chhattisgarh,-,-,32,0,37
1330,26/04/20,10:00 AM,Delhi,-,-,877,54,2918
1331,26/04/20,10:00 AM,Goa,-,-,7,0,7
1332,26/04/20,10:00 AM,Gujarat,-,-,313,151,3301
1333,26/04/20,10:00 AM,Haryana,-,-,176,3,289
1334,26/04/20,10:00 AM,Himachal Pradesh,-,-,22,1,40
1335,26/04/20,10:00 AM,Jammu and Kashmir,-,-,137,6,523
1336,26/04/20,10:00 AM,Jharkhand,-,-,13,3,82
1337,26/04/20,10:00 AM,Karnataka,-,-,182,19,503
1338,26/04/20,10:00 AM,Kerala,-,-,338,4,458
1339,26/04/20,10:00 AM,Ladakh,-,-,14,0,20
1340,26/04/20,10:00 AM,Madhya Pradesh,-,-,302,103,2096
1341,26/04/20,10:00 AM,Maharashtra,-,-,1076,342,8068
1342,26/04/20,10:00 AM,Manipur,-,-,2,0,2
1343,26/04/20,10:00 AM,Meghalaya,-,-,0,1,12
1344,26/04/20,10:00 AM,Mizoram,-,-,0,0,1
1345,26/04/20,10:00 AM,Nagaland,-,-,0,0,0
1346,26/04/20,10:00 AM,Odisha,-,-,35,1,103
1347,26/04/20,10:00 AM,Puducherry,-,-,3,0,7
1348,26/04/20,10:00 AM,Punjab,-,-,71,18,313
1349,26/04/20,10:00 AM,Rajasthan,-,-,518,33,2185
1350,26/04/20,10:00 AM,Tamil Nadu,-,-,1020,24,1885
1351,26/04/20,10:00 AM,Telengana,-,-,280,26,1002
1352,26/04/20,10:00 AM,Tripura,-,-,2,0,2
1353,26/04/20,10:00 AM,Uttar Pradesh,-,-,289,29,1868
1354,26/04/20,10:00 AM,Uttarakhand,-,-,28,0,50
1355,26/04/20,10:00 AM,West Bengal,-,-,105,20,649
1356,27/04/20,10:00 AM,Andaman and Nicobar Islands,-,-,11,0,33
1357,27/04/20,10:00 AM,Andhra Pradesh,-,-,235,31,1177
1358,27/04/20,10:00 AM,Arunachal Pradesh,-,-,1,0,1
1359,27/04/20,10:00 AM,Assam,-,-,27,1,36
1360,27/04/20,10:00 AM,Bihar,-,-,56,2,277
1361,27/04/20,10:00 AM,Chandigarh,-,-,17,0,30
1362,27/04/20,10:00 AM,Chhattisgarh,-,-,32,0,37
1363,27/04/20,10:00 AM,Delhi,-,-,877,54,2918
1364,27/04/20,10:00 AM,Goa,-,-,7,0,7
1365,27/04/20,10:00 AM,Gujarat,-,-,313,151,3301
1366,27/04/20,10:00 AM,Haryana,-,-,176,3,289
1367,27/04/20,10:00 AM,Himachal Pradesh,-,-,22,1,40
1368,27/04/20,10:00 AM,Jammu and Kashmir,-,-,137,6,523
1369,27/04/20,10:00 AM,Jharkhand,-,-,13,3,82
1370,27/04/20,10:00 AM,Karnataka,-,-,188,20,511
1371,27/04/20,10:00 AM,Kerala,-,-,342,4,469
1372,27/04/20,10:00 AM,Ladakh,-,-,14,0,20
1373,27/04/20,10:00 AM,Madhya Pradesh,-,-,302,106,2168
1374,27/04/20,10:00 AM,Maharashtra,-,-,1188,342,8068
1375,27/04/20,10:00 AM,Manipur,-,-,2,0,2
1376,27/04/20,10:00 AM,Meghalaya,-,-,0,1,12
1377,27/04/20,10:00 AM,Mizoram,-,-,0,0,1
1378,27/04/20,10:00 AM,Nagaland,-,-,0,0,0
1379,27/04/20,10:00 AM,Odisha,-,-,35,1,108
1380,27/04/20,10:00 AM,Puducherry,-,-,3,0,8
1381,27/04/20,10:00 AM,Punjab,-,-,71,18,313
1382,27/04/20,10:00 AM,Rajasthan,-,-,518,41,2185
1383,27/04/20,10:00 AM,Tamil Nadu,-,-,1020,24,1885
1384,27/04/20,10:00 AM,Telengana,-,-,280,26,1002
1385,27/04/20,10:00 AM,Tripura,-,-,2,0,2
1386,27/04/20,10:00 AM,Uttar Pradesh,-,-,335,31,1955
1387,27/04/20,10:00 AM,Uttarakhand,-,-,33,0,51
1388,27/04/20,10:00 AM,West Bengal,-,-,105,20,649
1389,28/04/20,5:00 PM,Andaman and Nicobar Islands,-,-,11,0,33
1390,28/04/20,5:00 PM,Andhra Pradesh,-,-,258,31,1259
1391,28/04/20,5:00 PM,Arunachal Pradesh,-,-,1,0,1
1392,28/04/20,5:00 PM,Assam,-,-,27,1,38
1393,28/04/20,5:00 PM,Bihar,-,-,57,2,346
1394,28/04/20,5:00 PM,Chandigarh,-,-,17,0,40
1395,28/04/20,5:00 PM,Chhattisgarh,-,-,32,0,37
1396,28/04/20,5:00 PM,Delhi,-,-,877,54,3108
1397,28/04/20,5:00 PM,Goa,-,-,7,0,7
1398,28/04/20,5:00 PM,Gujarat,-,-,394,162,3548
1399,28/04/20,5:00 PM,Haryana,-,-,183,3,296
1400,28/04/20,5:00 PM,Himachal Pradesh,-,-,22,1,40
1401,28/04/20,5:00 PM,Jammu and Kashmir,-,-,164,7,546
1402,28/04/20,5:00 PM,Jharkhand,-,-,17,3,103
1403,28/04/20,5:00 PM,Karnataka,-,-,198,20,520
1404,28/04/20,5:00 PM,Kerala,-,-,355,4,482
1405,28/04/20,5:00 PM,Ladakh,-,-,16,0,22
1406,28/04/20,5:00 PM,Madhya Pradesh,-,-,361,113,2368
1407,28/04/20,5:00 PM,Maharashtra,-,-,1282,369,8590
1408,28/04/20,5:00 PM,Manipur,-,-,2,0,2
1409,28/04/20,5:00 PM,Meghalaya,-,-,0,1,12
1410,28/04/20,5:00 PM,Mizoram,-,-,0,0,1
1411,28/04/20,5:00 PM,Nagaland,-,-,0,0,0
1412,28/04/20,5:00 PM,Odisha,-,-,37,1,118
1413,28/04/20,5:00 PM,Puducherry,-,-,3,0,8
1414,28/04/20,5:00 PM,Punjab,-,-,71,18,313
1415,28/04/20,5:00 PM,Rajasthan,-,-,669,46,2262
1416,28/04/20,5:00 PM,Tamil Nadu,-,-,1101,24,1937
1417,28/04/20,5:00 PM,Telengana,-,-,321,26,1004
1418,28/04/20,5:00 PM,Tripura,-,-,2,0,2
1419,28/04/20,5:00 PM,Uttarakhand,-,-,33,0,51
1420,28/04/20,5:00 PM,Uttar Pradesh,-,-,400,31,2043
1421,28/04/20,5:00 PM,West Bengal,-,-,109,20,697
1422,29/04/20,9:30 PM,Andaman and Nicobar Islands,-,-,15,0,33
1423,29/04/20,9:30 PM,Andhra Pradesh,-,-,287,31,1332
1424,29/04/20,9:30 PM,Arunachal Pradesh,-,-,1,0,1
1425,29/04/20,9:30 PM,Assam,-,-,27,1,38
1426,29/04/20,9:30 PM,Bihar,-,-,64,2,383
1427,29/04/20,9:30 PM,Chandigarh,-,-,17,0,56
1428,29/04/20,9:30 PM,Chhattisgarh,-,-,34,0,38
1429,29/04/20,9:30 PM,Delhi,-,-,1078,54,3314
1430,29/04/20,9:30 PM,Goa,-,-,7,0,7
1431,29/04/20,9:30 PM,Gujarat,-,-,434,181,3774
1432,29/04/20,9:30 PM,Haryana,-,-,209,3,310
1433,29/04/20,9:30 PM,Himachal Pradesh,-,-,25,1,40
1434,29/04/20,9:30 PM,Jammu and Kashmir,-,-,176,8,565
1435,29/04/20,9:30 PM,Jharkhand,-,-,19,3,105
1436,29/04/20,9:30 PM,Karnataka,-,-,215,20,532
1437,29/04/20,9:30 PM,Kerala,-,-,359,4,486
1438,29/04/20,9:30 PM,Ladakh,-,-,16,0,22
1439,29/04/20,9:30 PM,Madhya Pradesh,-,-,377,119,2561
1440,29/04/20,9:30 PM,Maharashtra,-,-,1388,400,9318
1441,29/04/20,9:30 PM,Manipur,-,-,2,0,2
1442,29/04/20,9:30 PM,Meghalaya,-,-,0,1,12
1443,29/04/20,9:30 PM,Mizoram,-,-,0,0,1
1444,29/04/20,9:30 PM,Nagaland,-,-,0,0,0
1445,29/04/20,9:30 PM,Odisha,-,-,38,1,119
1446,29/04/20,9:30 PM,Puducherry,-,-,3,0,8
1447,29/04/20,9:30 PM,Punjab,-,-,71,19,322
1448,29/04/20,9:30 PM,Rajasthan,-,-,768,51,2364
1449,29/04/20,9:30 PM,Tamil Nadu,-,-,1168,25,2058
1450,29/04/20,9:30 PM,Telengana,-,-,367,26,1012
1451,29/04/20,9:30 PM,Tripura,-,-,2,0,2
1452,29/04/20,9:30 PM,Uttar Pradesh,-,-,477,36,2115
1453,29/04/20,9:30 PM,Uttarakhand,-,-,34,0,54
1454,29/04/20,9:30 PM,West Bengal,-,-,119,22,725
1455,30/04/20,9:30 AM,Andaman and Nicobar Islands,-,-,15,0,33
1456,30/04/20,9:30 AM,Andhra Pradesh,-,-,287,31,1332
1457,30/04/20,9:30 AM,Arunachal Pradesh,-,-,1,0,1
1458,30/04/20,9:30 AM,Assam,-,-,29,1,38
1459,30/04/20,9:30 AM,Bihar,-,-,65,2,392
1460,30/04/20,9:30 AM,Chandigarh,-,-,17,0,56
1461,30/04/20,9:30 AM,Chhattisgarh,-,-,34,0,38
1462,30/04/20,9:30 AM,Delhi,-,-,1092,56,3439
1463,30/04/20,9:30 AM,Goa,-,-,7,0,7
1464,30/04/20,9:30 AM,Gujarat,-,-,527,197,4082
1465,30/04/20,9:30 AM,Haryana,-,-,209,3,310
1466,30/04/20,9:30 AM,Himachal Pradesh,-,-,25,1,40
1467,30/04/20,9:30 AM,Jammu and Kashmir,-,-,192,8,581
1468,30/04/20,9:30 AM,Jharkhand,-,-,19,3,107
1469,30/04/20,9:30 AM,Karnataka,-,-,216,21,535
1470,30/04/20,9:30 AM,Kerala,-,-,369,4,495
1471,30/04/20,9:30 AM,Ladakh,-,-,16,0,22
1472,30/04/20,9:30 AM,Madhya Pradesh,-,-,461,129,2561
1473,30/04/20,9:30 AM,Maharashtra,-,-,1593,432,9915
1474,30/04/20,9:30 AM,Manipur,-,-,2,0,2
1475,30/04/20,9:30 AM,Meghalaya,-,-,0,1,12
1476,30/04/20,9:30 AM,Mizoram,-,-,0,0,1
1477,30/04/20,9:30 AM,Nagaland,-,-,0,0,0
1478,30/04/20,9:30 AM,Odisha,-,-,39,1,125
1479,30/04/20,9:30 AM,Puducherry,-,-,3,0,8
1480,30/04/20,9:30 AM,Punjab,-,-,90,19,357
1481,30/04/20,9:30 AM,Rajasthan,-,-,768,51,2438
1482,30/04/20,9:30 AM,Tamil Nadu,-,-,1210,27,2162
1483,30/04/20,9:30 AM,Telengana,-,-,367,26,1012
1484,30/04/20,9:30 AM,Tripura,-,-,2,0,2
1485,30/04/20,9:30 AM,Uttar Pradesh,-,-,510,39,2134
1486,30/04/20,9:30 AM,Uttarakhand,-,-,36,0,55
1487,30/04/20,9:30 AM,West Bengal,-,-,124,22,758
1488,01/05/20,9:30 AM,Andaman and Nicobar Islands,-,-,16,0,33
1489,01/05/20,9:30 AM,Andhra Pradesh,-,-,321,31,1403
1490,01/05/20,9:30 AM,Arunachal Pradesh,-,-,1,0,1
1491,01/05/20,9:30 AM,Assam,-,-,29,1,42
1492,01/05/20,9:30 AM,Bihar,-,-,82,2,418
1493,01/05/20,9:30 AM,Chandigarh,-,-,17,0,56
1494,01/05/20,9:30 AM,Chhattisgarh,-,-,36,0,40
1495,01/05/20,9:30 AM,Delhi,-,-,1094,59,3515
1496,01/05/20,9:30 AM,Goa,-,-,7,0,7
1497,01/05/20,9:30 AM,Gujarat,-,-,613,214,4395
1498,01/05/20,9:30 AM,Haryana,-,-,209,3,313
1499,01/05/20,9:30 AM,Himachal Pradesh,-,-,28,1,40
1500,01/05/20,9:30 AM,Jammu and Kashmir,-,-,216,8,614
1501,01/05/20,9:30 AM,Jharkhand,-,-,20,3,109
1502,01/05/20,9:30 AM,Karnataka,-,-,229,21,565
1503,01/05/20,9:30 AM,Kerala,-,-,383,4,497
1504,01/05/20,9:30 AM,Ladakh,-,-,16,0,22
1505,01/05/20,9:30 AM,Madhya Pradesh,-,-,482,137,2660
1506,01/05/20,9:30 AM,Maharashtra,-,-,1773,459,10498
1507,01/05/20,9:30 AM,Manipur,-,-,2,0,2
1508,01/05/20,9:30 AM,Meghalaya,-,-,0,1,12
1509,01/05/20,9:30 AM,Mizoram,-,-,0,0,1
1510,01/05/20,9:30 AM,Nagaland,-,-,0,0,0
1511,01/05/20,9:30 AM,Odisha,-,-,39,1,142
1512,01/05/20,9:30 AM,Puducherry,-,-,5,0,8
1513,01/05/20,9:30 AM,Punjab,-,-,90,19,357
1514,01/05/20,9:30 AM,Rajasthan,-,-,836,58,2584
1515,01/05/20,9:30 AM,Tamil Nadu,-,-,1258,27,2323
1516,01/05/20,9:30 AM,Telengana,-,-,397,26,1038
1517,01/05/20,9:30 AM,Tripura,-,-,2,0,2
1518,01/05/20,9:30 AM,Uttar Pradesh,-,-,513,39,2203
1519,01/05/20,9:30 AM,Uttarakhand,-,-,36,0,57
1520,01/05/20,9:30 AM,West Bengal,-,-,139,33,795
1521,02/05/20,9:30 AM,Andaman and Nicobar Islands,-,-,16,0,33
1522,02/05/20,9:30 AM,Andhra Pradesh,-,-,403,33,1463
1523,02/05/20,9:30 AM,Arunachal Pradesh,-,-,1,0,1
1524,02/05/20,9:30 AM,Assam,-,-,29,1,42
1525,02/05/20,9:30 AM,Bihar,-,-,82,2,426
1526,02/05/20,9:30 AM,Chandigarh,-,-,17,0,56
1527,02/05/20,9:30 AM,Chhattisgarh,-,-,36,0,40
1528,02/05/20,9:30 AM,Delhi,-,-,1094,59,3515
1529,02/05/20,9:30 AM,Goa,-,-,7,0,7
1530,02/05/20,9:30 AM,Gujarat,-,-,613,214,4395
1531,02/05/20,9:30 AM,Haryana,-,-,209,3,313
1532,02/05/20,9:30 AM,Himachal Pradesh,-,-,28,1,40
1533,02/05/20,9:30 AM,Jammu and Kashmir,-,-,216,8,614
1534,02/05/20,9:30 AM,Jharkhand,-,-,20,3,111
1535,02/05/20,9:30 AM,Karnataka,-,-,235,22,576
1536,02/05/20,9:30 AM,Kerala,-,-,383,4,497
1537,02/05/20,9:30 AM,Ladakh,-,-,16,0,22
1538,02/05/20,9:30 AM,Madhya Pradesh,-,-,482,137,2719
1539,02/05/20,9:30 AM,Maharashtra,-,-,1773,459,10498
1540,02/05/20,9:30 AM,Manipur,-,-,2,0,2
1541,02/05/20,9:30 AM,Meghalaya,-,-,0,1,12
1542,02/05/20,9:30 AM,Mizoram,-,-,0,0,1
1543,02/05/20,9:30 AM,Nagaland,-,-,0,0,0
1544,02/05/20,9:30 AM,Odisha,-,-,41,1,143
1545,02/05/20,9:30 AM,Puducherry,-,-,5,0,8
1546,02/05/20,9:30 AM,Punjab,-,-,90,19,357
1547,02/05/20,9:30 AM,Rajasthan,-,-,836,58,2584
1548,02/05/20,9:30 AM,Tamil Nadu,-,-,1258,27,2323
1549,02/05/20,9:30 AM,Telengana,-,-,441,26,1039
1550,02/05/20,9:30 AM,Tripura,-,-,2,0,2
1551,02/05/20,9:30 AM,Uttar Pradesh,-,-,555,41,2281
1552,02/05/20,9:30 AM,Uttarakhand,-,-,36,0,57
1553,02/05/20,9:30 AM,West Bengal,-,-,139,33,795
1554,03/05/20,9:30 AM,Andaman and Nicobar Islands,-,-,16,0,33
1555,03/05/20,9:30 AM,Andhra Pradesh,-,-,441,33,1525
1556,03/05/20,9:30 AM,Arunachal Pradesh,-,-,1,0,1
1557,03/05/20,9:30 AM,Assam,-,-,32,1,43
1558,03/05/20,9:30 AM,Bihar,-,-,98,3,471
1559,03/05/20,9:30 AM,Chandigarh,-,-,17,0,88
1560,03/05/20,9:30 AM,Chhattisgarh,-,-,36,0,43
1561,03/05/20,9:30 AM,Delhi,-,-,1167,61,3738
1562,03/05/20,9:30 AM,Goa,-,-,7,0,7
1563,03/05/20,9:30 AM,Gujarat,-,-,735,236,4721
1564,03/05/20,9:30 AM,Haryana,-,-,227,4,360
1565,03/05/20,9:30 AM,Himachal Pradesh,-,-,30,1,40
1566,03/05/20,9:30 AM,Jammu and Kashmir,-,-,247,8,639
1567,03/05/20,9:30 AM,Jharkhand,-,-,20,3,111
1568,03/05/20,9:30 AM,Karnataka,-,-,255,25,598
1569,03/05/20,9:30 AM,Kerala,-,-,392,4,498
1570,03/05/20,9:30 AM,Ladakh,-,-,17,0,22
1571,03/05/20,9:30 AM,Madhya Pradesh,-,-,524,145,2719
1572,03/05/20,9:30 AM,Maharashtra,-,-,1879,485,11506
1573,03/05/20,9:30 AM,Manipur,-,-,2,0,2
1574,03/05/20,9:30 AM,Meghalaya,-,-,0,1,12
1575,03/05/20,9:30 AM,Mizoram,-,-,0,0,1
1576,03/05/20,9:30 AM,Nagaland,-,-,0,0,0
1577,03/05/20,9:30 AM,Odisha,-,-,55,1,154
1578,03/05/20,9:30 AM,Puducherry,-,-,5,0,8
1579,03/05/20,9:30 AM,Punjab,-,-,112,20,772
1580,03/05/20,9:30 AM,Rajasthan,-,-,1116,62,2666
1581,03/05/20,9:30 AM,Tamil Nadu,-,-,1312,28,2526
1582,03/05/20,9:30 AM,Telengana,-,-,441,26,1057
1583,03/05/20,9:30 AM,Tripura,-,-,2,0,2
1584,03/05/20,9:30 AM,Uttar Pradesh,-,-,656,43,2455
1585,03/05/20,9:30 AM,Uttarakhand,-,-,37,0,58
1586,03/05/20,9:30 AM,West Bengal,-,-,139,33,795
1587,04/05/20,9:30 AM,Andaman and Nicobar Islands,-,-,17,0,33
1588,04/05/20,9:30 AM,Andhra Pradesh,-,-,488,33,1583
1589,04/05/20,9:30 AM,Arunachal Pradesh,-,-,1,0,1
1590,04/05/20,9:30 AM,Assam,-,-,32,1,43
1591,04/05/20,9:30 AM,Bihar,-,-,117,4,482
1592,04/05/20,9:30 AM,Chandigarh,-,-,19,0,94
1593,04/05/20,9:30 AM,Chhattisgarh,-,-,36,0,43
1594,04/05/20,9:30 AM,Delhi,-,-,1256,64,4122
1595,04/05/20,9:30 AM,Goa,-,-,7,0,7
1596,04/05/20,9:30 AM,Gujarat,-,-,896,262,5055
1597,04/05/20,9:30 AM,Haryana,-,-,227,4,394
1598,04/05/20,9:30 AM,Himachal Pradesh,-,-,33,1,40
1599,04/05/20,9:30 AM,Jammu and Kashmir,-,-,254,8,666
1600,04/05/20,9:30 AM,Jharkhand,-,-,22,3,115
1601,04/05/20,9:30 AM,Karnataka,-,-,282,25,606
1602,04/05/20,9:30 AM,Kerala,-,-,400,4,500
1603,04/05/20,9:30 AM,Ladakh,-,-,17,0,40
1604,04/05/20,9:30 AM,Madhya Pradesh,-,-,798,156,2846
1605,04/05/20,9:30 AM,Maharashtra,-,-,2000,521,12296
1606,04/05/20,9:30 AM,Manipur,-,-,2,0,2
1607,04/05/20,9:30 AM,Meghalaya,-,-,0,1,12
1608,04/05/20,9:30 AM,Mizoram,-,-,0,0,1
1609,04/05/20,9:30 AM,Nagaland,-,-,0,0,0
1610,04/05/20,9:30 AM,Odisha,-,-,56,1,160
1611,04/05/20,9:30 AM,Puducherry,-,-,5,0,8
1612,04/05/20,9:30 AM,Punjab,-,-,112,20,772
1613,04/05/20,9:30 AM,Rajasthan,-,-,1121,65,2772
1614,04/05/20,9:30 AM,Tamil Nadu,-,-,1341,29,2757
1615,04/05/20,9:30 AM,Telengana,-,-,458,28,1063
1616,04/05/20,9:30 AM,Tripura,-,-,2,0,4
1617,04/05/20,9:30 AM,Uttar Pradesh,-,-,698,43,2626
1618,04/05/20,9:30 AM,Uttarakhand,-,-,39,0,59
1619,04/05/20,9:30 AM,West Bengal,-,-,151,33,922
1620,05/05/20,9:30 AM,Andaman and Nicobar Islands,-,-,32,0,33
1621,05/05/20,9:30 AM,Andhra Pradesh,-,-,524,36,1650
1622,05/05/20,9:30 AM,Arunachal Pradesh,-,-,1,0,1
1623,05/05/20,9:30 AM,Assam,-,-,32,1,43
1624,05/05/20,9:30 AM,Bihar,-,-,125,4,517
1625,05/05/20,9:30 AM,Chandigarh,-,-,19,0,94
1626,05/05/20,9:30 AM,Chhattisgarh,-,-,36,0,57
1627,05/05/20,9:30 AM,Delhi,-,-,1362,64,4549
1628,05/05/20,9:30 AM,Goa,-,-,7,0,7
1629,05/05/20,9:30 AM,Gujarat,-,-,1042,290,5428
1630,05/05/20,9:30 AM,Haryana,-,-,245,5,442
1631,05/05/20,9:30 AM,Himachal Pradesh,-,-,34,1,40
1632,05/05/20,9:30 AM,Jammu and Kashmir,-,-,287,8,701
1633,05/05/20,9:30 AM,Jharkhand,-,-,22,3,115
1634,05/05/20,9:30 AM,Karnataka,-,-,304,26,642
1635,05/05/20,9:30 AM,Kerala,-,-,401,4,500
1636,05/05/20,9:30 AM,Ladakh,-,-,17,0,41
1637,05/05/20,9:30 AM,Madhya Pradesh,-,-,798,165,2942
1638,05/05/20,9:30 AM,Maharashtra,-,-,2115,548,12974
1639,05/05/20,9:30 AM,Manipur,-,-,2,0,2
1640,05/05/20,9:30 AM,Meghalaya,-,-,0,1,12
1641,05/05/20,9:30 AM,Mizoram,-,-,0,0,1
1642,05/05/20,9:30 AM,Nagaland,-,-,0,0,0
1643,05/05/20,9:30 AM,Odisha,-,-,60,1,163
1644,05/05/20,9:30 AM,Puducherry,-,-,5,0,8
1645,05/05/20,9:30 AM,Punjab,-,-,117,21,1102
1646,05/05/20,9:30 AM,Rajasthan,-,-,1356,71,2886
1647,05/05/20,9:30 AM,Tamil Nadu,-,-,1379,30,3023
1648,05/05/20,9:30 AM,Telengana,-,-,490,29,1082
1649,05/05/20,9:30 AM,Tripura,-,-,2,0,16
1650,05/05/20,9:30 AM,Uttar Pradesh,-,-,758,45,2742
1651,05/05/20,9:30 AM,Uttarakhand,-,-,39,1,60
1652,05/05/20,9:30 AM,West Bengal,-,-,151,35,963
1653,06/05/20,9:30 AM,Andaman and Nicobar Islands,-,-,32,0,33
1654,06/05/20,9:30 AM,Andhra Pradesh,-,-,589,36,1717
1655,06/05/20,9:30 AM,Arunachal Pradesh,-,-,1,0,1
1656,06/05/20,9:30 AM,Assam,-,-,32,1,43
1657,06/05/20,9:30 AM,Bihar,-,-,130,4,529
1658,06/05/20,9:30 AM,Chandigarh,-,-,21,1,102
1659,06/05/20,9:30 AM,Chhattisgarh,-,-,36,0,58
1660,06/05/20,9:30 AM,Delhi,-,-,1431,64,4898
1661,06/05/20,9:30 AM,Goa,-,-,7,0,7
1662,06/05/20,9:30 AM,Gujarat,-,-,1195,319,5804
1663,06/05/20,9:30 AM,Haryana,-,-,254,6,517
1664,06/05/20,9:30 AM,Himachal Pradesh,-,-,38,1,41
1665,06/05/20,9:30 AM,Jammu and Kashmir,-,-,303,8,726
1666,06/05/20,9:30 AM,Jharkhand,-,-,27,3,115
1667,06/05/20,9:30 AM,Karnataka,-,-,324,28,659
1668,06/05/20,9:30 AM,Kerala,-,-,462,4,500
1669,06/05/20,9:30 AM,Ladakh,-,-,17,0,41
1670,06/05/20,9:30 AM,Madhya Pradesh,-,-,1000,176,3049
1671,06/05/20,9:30 AM,Maharashtra,-,-,2465,583,14541
1672,06/05/20,9:30 AM,Manipur,-,-,2,0,2
1673,06/05/20,9:30 AM,Meghalaya,-,-,10,1,12
1674,06/05/20,9:30 AM,Mizoram,-,-,0,0,1
1675,06/05/20,9:30 AM,Nagaland,-,-,0,0,0
1676,06/05/20,9:30 AM,Odisha,-,-,60,1,170
1677,06/05/20,9:30 AM,Puducherry,-,-,6,0,9
1678,06/05/20,9:30 AM,Punjab,-,-,128,23,1233
1679,06/05/20,9:30 AM,Rajasthan,-,-,1394,77,3061
1680,06/05/20,9:30 AM,Tamil Nadu,-,-,1409,31,3550
1681,06/05/20,9:30 AM,Telengana,-,-,585,29,1085
1682,06/05/20,9:30 AM,Tripura,-,-,2,0,29
1683,06/05/20,9:30 AM,Uttar Pradesh,-,-,944,53,2859
1684,06/05/20,9:30 AM,Uttarakhand,-,-,39,1,60
1685,06/05/20,9:30 AM,West Bengal,-,-,218,133,1259
1686,07/05/20,9:30 AM,Andaman and Nicobar Islands,-,-,32,0,33
1687,07/05/20,9:30 AM,Andhra Pradesh,-,-,589,36,1717
1688,07/05/20,9:30 AM,Arunachal Pradesh,-,-,1,0,1
1689,07/05/20,9:30 AM,Assam,-,-,32,1,43
1690,07/05/20,9:30 AM,Bihar,-,-,142,4,536
1691,07/05/20,9:30 AM,Chandigarh,-,-,21,1,111
1692,07/05/20,9:30 AM,Chhattisgarh,-,-,36,0,59
1693,07/05/20,9:30 AM,Dadar Nagar Haveli,-,-,0,0,1
1694,07/05/20,9:30 AM,Delhi,-,-,1468,64,5104
1695,07/05/20,9:30 AM,Goa,-,-,7,0,7
1696,07/05/20,9:30 AM,Gujarat,-,-,1381,368,6245
1697,07/05/20,9:30 AM,Haryana,-,-,256,6,548
1698,07/05/20,9:30 AM,Himachal Pradesh,-,-,38,2,42
1699,07/05/20,9:30 AM,Jammu and Kashmir,-,-,320,8,741
1700,07/05/20,9:30 AM,Jharkhand,-,-,33,3,125
1701,07/05/20,9:30 AM,Karnataka,-,-,331,29,671
1702,07/05/20,9:30 AM,Kerala,-,-,462,4,502
1703,07/05/20,9:30 AM,Ladakh,-,-,17,0,41
1704,07/05/20,9:30 AM,Madhya Pradesh,-,-,1000,176,3049
1705,07/05/20,9:30 AM,Maharashtra,-,-,2819,617,15525
1706,07/05/20,9:30 AM,Manipur,-,-,2,0,2
1707,07/05/20,9:30 AM,Meghalaya,-,-,10,1,12
1708,07/05/20,9:30 AM,Mizoram,-,-,0,0,1
1709,07/05/20,9:30 AM,Nagaland,-,-,0,0,0
1710,07/05/20,9:30 AM,Odisha,-,-,60,1,175
1711,07/05/20,9:30 AM,Puducherry,-,-,6,0,9
1712,07/05/20,9:30 AM,Punjab,-,-,133,25,1451
1713,07/05/20,9:30 AM,Rajasthan,-,-,1525,89,3158
1714,07/05/20,9:30 AM,Tamil Nadu,-,-,1485,33,4058
1715,07/05/20,9:30 AM,Telengana,-,-,585,29,1096
1716,07/05/20,9:30 AM,Tripura,-,-,2,0,43
1717,07/05/20,9:30 AM,Uttar Pradesh,-,-,987,56,2880
1718,07/05/20,9:30 AM,Uttarakhand,-,-,39,1,61
1719,07/05/20,9:30 AM,West Bengal,-,-,364,140,1344
1720,08/05/20,9:30 AM,Andaman and Nicobar Islands,-,-,32,0,33
1721,08/05/20,9:30 AM,Andhra Pradesh,-,-,729,36,1777
1722,08/05/20,9:30 AM,Arunachal Pradesh,-,-,1,0,1
1723,08/05/20,9:30 AM,Assam,-,-,32,1,45
1724,08/05/20,9:30 AM,Bihar,-,-,188,4,542
1725,08/05/20,9:30 AM,Chandigarh,-,-,21,1,120
1726,08/05/20,9:30 AM,Chhattisgarh,-,-,36,0,59
1727,08/05/20,9:30 AM,Dadar Nagar Haveli,-,-,0,0,1
1728,08/05/20,9:30 AM,Delhi,-,-,1542,65,5532
1729,08/05/20,9:30 AM,Goa,-,-,7,0,7
1730,08/05/20,9:30 AM,Gujarat,-,-,1500,396,6625
1731,08/05/20,9:30 AM,Haryana,-,-,260,7,594
1732,08/05/20,9:30 AM,Himachal Pradesh,-,-,38,2,45
1733,08/05/20,9:30 AM,Jammu and Kashmir,-,-,322,8,775
1734,08/05/20,9:30 AM,Jharkhand,-,-,37,3,127
1735,08/05/20,9:30 AM,Karnataka,-,-,354,29,693
1736,08/05/20,9:30 AM,Kerala,-,-,469,4,503
1737,08/05/20,9:30 AM,Ladakh,-,-,17,0,41
1738,08/05/20,9:30 AM,Madhya Pradesh,-,-,1099,185,3138
1739,08/05/20,9:30 AM,Maharashtra,-,-,3094,651,16758
1740,08/05/20,9:30 AM,Manipur,-,-,2,0,2
1741,08/05/20,9:30 AM,Meghalaya,-,-,10,1,12
1742,08/05/20,9:30 AM,Mizoram,-,-,0,0,1
1743,08/05/20,9:30 AM,Nagaland,-,-,0,0,0
1744,08/05/20,9:30 AM,Odisha,-,-,61,2,185
1745,08/05/20,9:30 AM,Puducherry,-,-,6,0,9
1746,08/05/20,9:30 AM,Punjab,-,-,135,27,1516
1747,08/05/20,9:30 AM,Rajasthan,-,-,1596,92,3317
1748,08/05/20,9:30 AM,Tamil Nadu,-,-,1516,35,4829
1749,08/05/20,9:30 AM,Telengana,-,-,628,29,1107
1750,08/05/20,9:30 AM,Tripura,-,-,2,0,43
1751,08/05/20,9:30 AM,Uttar Pradesh,-,-,1130,60,2998
1752,08/05/20,9:30 AM,Uttarakhand,-,-,39,1,61
1753,08/05/20,9:30 AM,West Bengal,-,-,364,144,1456
1754,09/05/20,9:30 AM,Andaman and Nicobar Islands,-,-,33,0,33
1755,09/05/20,9:30 AM,Andhra Pradesh,-,-,780,38,1847
1756,09/05/20,9:30 AM,Arunachal Pradesh,-,-,1,0,1
1757,09/05/20,9:30 AM,Assam,-,-,34,1,54
1758,09/05/20,9:30 AM,Bihar,-,-,246,5,550
1759,09/05/20,9:30 AM,Chandigarh,-,-,21,1,135
1760,09/05/20,9:30 AM,Chhattisgarh,-,-,38,0,59
1761,09/05/20,9:30 AM,Dadar Nagar Haveli,-,-,0,0,1
1762,09/05/20,9:30 AM,Delhi,-,-,1931,66,5980
1763,09/05/20,9:30 AM,Goa,-,-,7,0,7
1764,09/05/20,9:30 AM,Gujarat,-,-,1709,425,7012
1765,09/05/20,9:30 AM,Haryana,-,-,260,7,625
1766,09/05/20,9:30 AM,Himachal Pradesh,-,-,38,2,46
1767,09/05/20,9:30 AM,Jammu and Kashmir,-,-,335,9,793
1768,09/05/20,9:30 AM,Jharkhand,-,-,41,3,132
1769,09/05/20,9:30 AM,Karnataka,-,-,366,30,705
1770,09/05/20,9:30 AM,Kerala,-,-,474,4,503
1771,09/05/20,9:30 AM,Ladakh,-,-,17,0,42
1772,09/05/20,9:30 AM,Madhya Pradesh,-,-,1231,193,3252
1773,09/05/20,9:30 AM,Maharashtra,-,-,3301,694,17974
1774,09/05/20,9:30 AM,Manipur,-,-,2,0,2
1775,09/05/20,9:30 AM,Meghalaya,-,-,10,1,12
1776,09/05/20,9:30 AM,Mizoram,-,-,0,0,1
1777,09/05/20,9:30 AM,Nagaland,-,-,0,0,0
1778,09/05/20,9:30 AM,Odisha,-,-,62,2,219
1779,09/05/20,9:30 AM,Puducherry,-,-,6,0,9
1780,09/05/20,9:30 AM,Punjab,-,-,149,28,1644
1781,09/05/20,9:30 AM,Rajasthan,-,-,1596,97,3427
1782,09/05/20,9:30 AM,Tamil Nadu,-,-,1547,37,5409
1783,09/05/20,9:30 AM,Telengana,-,-,650,29,1123
1784,09/05/20,9:30 AM,Tripura,-,-,2,0,65
1785,09/05/20,9:30 AM,Uttar Pradesh,-,-,1250,62,3071
1786,09/05/20,9:30 AM,Uttarakhand,-,-,39,1,61
1787,09/05/20,9:30 AM,West Bengal,-,-,364,151,1548
1788,10/05/20,7:30 AM,Andaman and Nicobar Islands,-,-,33,0,33
1789,10/05/20,7:30 AM,Andhra Pradesh,-,-,842,41,1887
1790,10/05/20,7:30 AM,Arunachal Pradesh,-,-,1,0,1
1791,10/05/20,7:30 AM,Assam,-,-,34,1,59
1792,10/05/20,7:30 AM,Bihar,-,-,297,5,571
1793,10/05/20,7:30 AM,Chandigarh,-,-,21,1,150
1794,10/05/20,7:30 AM,Chhattisgarh,-,-,38,0,59
1795,10/05/20,7:30 AM,Dadar Nagar Haveli,-,-,0,0,1
1796,10/05/20,7:30 AM,Delhi,-,-,2020,68,6318
1797,10/05/20,7:30 AM,Goa,-,-,7,0,7
1798,10/05/20,7:30 AM,Gujarat,-,-,1872,449,7402
1799,10/05/20,7:30 AM,Haryana,-,-,279,8,647
1800,10/05/20,7:30 AM,Himachal Pradesh,-,-,38,2,50
1801,10/05/20,7:30 AM,Jammu and Kashmir,-,-,364,9,823
1802,10/05/20,7:30 AM,Jharkhand,-,-,52,3,132
1803,10/05/20,7:30 AM,Karnataka,-,-,376,30,753
1804,10/05/20,7:30 AM,Kerala,-,-,484,4,503
1805,10/05/20,7:30 AM,Ladakh,-,-,17,0,42
1806,10/05/20,7:30 AM,Madhya Pradesh,-,-,1349,200,3341
1807,10/05/20,7:30 AM,Maharashtra,-,-,3470,731,19063
1808,10/05/20,7:30 AM,Manipur,-,-,2,0,2
1809,10/05/20,7:30 AM,Meghalaya,-,-,10,1,12
1810,10/05/20,7:30 AM,Mizoram,-,-,0,0,1
1811,10/05/20,7:30 AM,Nagaland,-,-,0,0,0
1812,10/05/20,7:30 AM,Odisha,-,-,63,2,271
1813,10/05/20,7:30 AM,Puducherry,-,-,6,0,9
1814,10/05/20,7:30 AM,Punjab,-,-,152,29,1731
1815,10/05/20,7:30 AM,Rajasthan,-,-,1916,101,3579
1816,10/05/20,7:30 AM,Tamil Nadu,-,-,1605,40,6009
1817,10/05/20,7:30 AM,Telengana,-,-,700,29,1133
1818,10/05/20,7:30 AM,Tripura,-,-,2,0,118
1819,10/05/20,7:30 AM,Uttar Pradesh,-,-,1387,66,3214
1820,10/05/20,7:30 AM,Uttarakhand,-,-,46,1,63
1821,10/05/20,7:30 AM,West Bengal,-,-,364,160,1678
1822,11/05/20,7:30 AM,Andaman and Nicobar Islands,-,-,33,0,33
1823,11/05/20,7:30 AM,Andhra Pradesh,-,-,887,44,1930
1824,11/05/20,7:30 AM,Arunachal Pradesh,-,-,1,0,1
1825,11/05/20,7:30 AM,Assam,-,-,34,2,63
1826,11/05/20,7:30 AM,Bihar,-,-,322,5,591
1827,11/05/20,7:30 AM,Chandigarh,-,-,24,2,169
1828,11/05/20,7:30 AM,Chhattisgarh,-,-,43,0,59
1829,11/05/20,7:30 AM,Dadar Nagar Haveli,-,-,0,0,1
1830,11/05/20,7:30 AM,Delhi,-,-,2020,73,6542
1831,11/05/20,7:30 AM,Goa,-,-,7,0,7
1832,11/05/20,7:30 AM,Gujarat,-,-,2091,472,7796
1833,11/05/20,7:30 AM,Haryana,-,-,290,9,675
1834,11/05/20,7:30 AM,Himachal Pradesh,-,-,38,2,50
1835,11/05/20,7:30 AM,Jammu and Kashmir,-,-,368,9,836
1836,11/05/20,7:30 AM,Jharkhand,-,-,78,3,156
1837,11/05/20,7:30 AM,Karnataka,-,-,386,30,794
1838,11/05/20,7:30 AM,Kerala,-,-,485,4,505
1839,11/05/20,7:30 AM,Ladakh,-,-,17,0,42
1840,11/05/20,7:30 AM,Madhya Pradesh,-,-,1676,215,3614
1841,11/05/20,7:30 AM,Maharashtra,-,-,3800,779,20228
1842,11/05/20,7:30 AM,Manipur,-,-,2,0,2
1843,11/05/20,7:30 AM,Meghalaya,-,-,10,1,13
1844,11/05/20,7:30 AM,Mizoram,-,-,1,0,1
1845,11/05/20,7:30 AM,Nagaland,-,-,0,0,0
1846,11/05/20,7:30 AM,Odisha,-,-,63,2,294
1847,11/05/20,7:30 AM,Puducherry,-,-,6,0,9
1848,11/05/20,7:30 AM,Punjab,-,-,157,31,1762
1849,11/05/20,7:30 AM,Rajasthan,-,-,2026,106,3708
1850,11/05/20,7:30 AM,Tamil Nadu,-,-,1824,44,6535
1851,11/05/20,7:30 AM,Telengana,-,-,750,30,1163
1852,11/05/20,7:30 AM,Tripura,-,-,2,0,134
1853,11/05/20,7:30 AM,Uttar Pradesh,-,-,1499,74,3373
1854,11/05/20,7:30 AM,Uttarakhand,-,-,46,1,67
1855,11/05/20,7:30 AM,West Bengal,-,-,372,171,1786
1856,12/05/20,7:30 AM,Andaman and Nicobar Islands,-,-,33,0,33
1857,12/05/20,7:30 AM,Andhra Pradesh,-,-,975,45,2018
1858,12/05/20,7:30 AM,Arunachal Pradesh,-,-,1,0,1
1859,12/05/20,7:30 AM,Assam,-,-,34,2,65
1860,12/05/20,7:30 AM,Bihar,-,-,377,6,747
1861,12/05/20,7:30 AM,Chandigarh,-,-,24,2,174
1862,12/05/20,7:30 AM,Chhattisgarh,-,-,53,0,59
1863,12/05/20,7:30 AM,Dadar Nagar Haveli,-,-,0,0,1
1864,12/05/20,7:30 AM,Delhi,-,-,2129,73,7233
1865,12/05/20,7:30 AM,Goa,-,-,7,0,7
1866,12/05/20,7:30 AM,Gujarat,-,-,2780,513,8541
1867,12/05/20,7:30 AM,Haryana,-,-,337,11,730
1868,12/05/20,7:30 AM,Himachal Pradesh,-,-,39,2,59
1869,12/05/20,7:30 AM,Jammu and Kashmir,-,-,427,10,879
1870,12/05/20,7:30 AM,Jharkhand,-,-,78,3,160
1871,12/05/20,7:30 AM,Karnataka,-,-,426,31,862
1872,12/05/20,7:30 AM,Kerala,-,-,489,4,519
1873,12/05/20,7:30 AM,Ladakh,-,-,21,0,42
1874,12/05/20,7:30 AM,Madhya Pradesh,-,-,1747,221,3785
1875,12/05/20,7:30 AM,Maharashtra,-,-,4786,868,23401
1876,12/05/20,7:30 AM,Manipur,-,-,2,0,2
1877,12/05/20,7:30 AM,Meghalaya,-,-,10,1,13
1878,12/05/20,7:30 AM,Mizoram,-,-,1,0,1
1879,12/05/20,7:30 AM,Nagaland,-,-,0,0,0
1880,12/05/20,7:30 AM,Odisha,-,-,85,3,414
1881,12/05/20,7:30 AM,Puducherry,-,-,6,0,12
1882,12/05/20,7:30 AM,Punjab,-,-,168,31,1877
1883,12/05/20,7:30 AM,Rajasthan,-,-,2264,113,3988
1884,12/05/20,7:30 AM,Tamil Nadu,-,-,2051,53,8002
1885,12/05/20,7:30 AM,Telengana,-,-,800,30,1275
1886,12/05/20,7:30 AM,Tripura,-,-,2,0,152
1887,12/05/20,7:30 AM,Uttar Pradesh,-,-,1758,80,3573
1888,12/05/20,7:30 AM,Uttarakhand,-,-,46,1,68
1889,12/05/20,7:30 AM,West Bengal,-,-,499,190,2063
1890,13/05/20,7:30 AM,Andaman and Nicobar Islands,-,-,33,0,33
1891,13/05/20,7:30 AM,Andhra Pradesh,-,-,1056,46,2090
1892,13/05/20,7:30 AM,Arunachal Pradesh,-,-,1,0,1
1893,13/05/20,7:30 AM,Assam,-,-,39,2,65
1894,13/05/20,7:30 AM,Bihar,-,-,383,6,831
1895,13/05/20,7:30 AM,Chandigarh,-,-,28,3,187
1896,13/05/20,7:30 AM,Chhattisgarh,-,-,54,0,59
1897,13/05/20,7:30 AM,Dadar Nagar Haveli,-,-,0,0,1
1898,13/05/20,7:30 AM,Delhi,-,-,2512,86,7639
1899,13/05/20,7:30 AM,Goa,-,-,7,0,7
1900,13/05/20,7:30 AM,Gujarat,-,-,3246,537,8903
1901,13/05/20,7:30 AM,Haryana,-,-,342,11,780
1902,13/05/20,7:30 AM,Himachal Pradesh,-,-,39,2,65
1903,13/05/20,7:30 AM,Jammu and Kashmir,-,-,455,10,934
1904,13/05/20,7:30 AM,Jharkhand,-,-,79,3,172
1905,13/05/20,7:30 AM,Karnataka,-,-,433,31,925
1906,13/05/20,7:30 AM,Kerala,-,-,489,4,524
1907,13/05/20,7:30 AM,Ladakh,-,-,21,0,42
1908,13/05/20,7:30 AM,Madhya Pradesh,-,-,1860,225,3986
1909,13/05/20,7:30 AM,Maharashtra,-,-,5125,921,24427
1910,13/05/20,7:30 AM,Manipur,-,-,2,0,2
1911,13/05/20,7:30 AM,Meghalaya,-,-,10,1,13
1912,13/05/20,7:30 AM,Mizoram,-,-,1,0,1
1913,13/05/20,7:30 AM,Nagaland,-,-,0,0,0
1914,13/05/20,7:30 AM,Odisha,-,-,116,3,437
1915,13/05/20,7:30 AM,Puducherry,-,-,9,1,13
1916,13/05/20,7:30 AM,Punjab,-,-,171,32,1914
1917,13/05/20,7:30 AM,Rajasthan,-,-,2378,117,4126
1918,13/05/20,7:30 AM,Tamil Nadu,-,-,2134,61,8718
1919,13/05/20,7:30 AM,Telengana,-,-,830,32,1326
1920,13/05/20,7:30 AM,Tripura,-,-,2,0,154
1921,13/05/20,7:30 AM,Uttar Pradesh,-,-,1873,82,3664
1922,13/05/20,7:30 AM,Uttarakhand,-,-,46,1,69
1923,13/05/20,7:30 AM,West Bengal,-,-,612,198,2173
1924,14/05/20,7:30 AM,Andaman and Nicobar Islands,-,-,33,0,33
1925,14/05/20,7:30 AM,Andhra Pradesh,-,-,1142,47,2137
1926,14/05/20,7:30 AM,Arunachal Pradesh,-,-,1,0,1
1927,14/05/20,7:30 AM,Assam,-,-,39,2,80
1928,14/05/20,7:30 AM,Bihar,-,-,388,7,940
1929,14/05/20,7:30 AM,Chandigarh,-,-,28,3,187
1930,14/05/20,7:30 AM,Chhattisgarh,-,-,55,0,59
1931,14/05/20,7:30 AM,Dadar Nagar Haveli,-,-,0,0,1
1932,14/05/20,7:30 AM,Delhi,-,-,2858,106,7998
1933,14/05/20,7:30 AM,Goa,-,-,7,0,7
1934,14/05/20,7:30 AM,Gujarat,-,-,3562,566,9267
1935,14/05/20,7:30 AM,Haryana,-,-,418,11,793
1936,14/05/20,7:30 AM,Himachal Pradesh,-,-,39,2,66
1937,14/05/20,7:30 AM,Jammu and Kashmir,-,-,466,11,971
1938,14/05/20,7:30 AM,Jharkhand,-,-,79,3,173
1939,14/05/20,7:30 AM,Karnataka,-,-,451,33,959
1940,14/05/20,7:30 AM,Kerala,-,-,490,4,534
1941,14/05/20,7:30 AM,Ladakh,-,-,22,0,43
1942,14/05/20,7:30 AM,Madhya Pradesh,-,-,2004,232,4173
1943,14/05/20,7:30 AM,Maharashtra,-,-,5547,975,25922
1944,14/05/20,7:30 AM,Manipur,-,-,2,0,2
1945,14/05/20,7:30 AM,Meghalaya,-,-,10,1,13
1946,14/05/20,7:30 AM,Mizoram,-,-,1,0,1
1947,14/05/20,7:30 AM,Nagaland,-,-,0,0,0
1948,14/05/20,7:30 AM,Odisha,-,-,143,3,538
1949,14/05/20,7:30 AM,Puducherry,-,-,9,1,13
1950,14/05/20,7:30 AM,Punjab,-,-,200,32,1924
1951,14/05/20,7:30 AM,Rajasthan,-,-,2459,121,4328
1952,14/05/20,7:30 AM,Tamil Nadu,-,-,2176,64,9227
1953,14/05/20,7:30 AM,Telengana,-,-,940,34,1367
1954,14/05/20,7:30 AM,Tripura,-,-,16,0,155
1955,14/05/20,7:30 AM,Uttar Pradesh,-,-,1902,83,3729
1956,14/05/20,7:30 AM,Uttarakhand,-,-,46,1,72
1957,14/05/20,7:30 AM,West Bengal,-,-,702,207,2290
1958,16/05/20,7:30 AM,Andaman and Nicobar Islands,-,-,33,0,33
1959,16/05/20,7:30 AM,Andhra Pradesh,-,-,1192,48,2205
1960,16/05/20,7:30 AM,Arunachal Pradesh,-,-,1,0,1
1961,16/05/20,7:30 AM,Assam,-,-,39,2,87
1962,16/05/20,7:30 AM,Bihar,-,-,411,7,994
1963,16/05/20,7:30 AM,Chandigarh,-,-,37,3,191
1964,16/05/20,7:30 AM,Chhattisgarh,-,-,56,0,60
1965,16/05/20,7:30 AM,Dadar Nagar Haveli,-,-,0,0,1
1966,16/05/20,7:30 AM,Delhi,-,-,3045,115,8470
1967,16/05/20,7:30 AM,Goa,-,-,7,0,14
1968,16/05/20,7:30 AM,Gujarat,-,-,3753,586,9591
1969,16/05/20,7:30 AM,Haryana,-,-,439,11,818
1970,16/05/20,7:30 AM,Himachal Pradesh,-,-,39,2,74
1971,16/05/20,7:30 AM,Jammu and Kashmir,-,-,485,11,983
1972,16/05/20,7:30 AM,Jharkhand,-,-,87,3,197
1973,16/05/20,7:30 AM,Karnataka,-,-,460,35,987
1974,16/05/20,7:30 AM,Kerala,-,-,491,4,560
1975,16/05/20,7:30 AM,Ladakh,-,-,22,0,43
1976,16/05/20,7:30 AM,Madhya Pradesh,-,-,2171,237,4426
1977,16/05/20,7:30 AM,Maharashtra,-,-,6059,1019,27524
1978,16/05/20,7:30 AM,Manipur,-,-,2,0,3
1979,16/05/20,7:30 AM,Meghalaya,-,-,11,1,13
1980,16/05/20,7:30 AM,Mizoram,-,-,1,0,1
1981,16/05/20,7:30 AM,Nagaland,-,-,0,0,0
1982,16/05/20,7:30 AM,Odisha,-,-,158,3,611
1983,16/05/20,7:30 AM,Puducherry,-,-,9,1,13
1984,16/05/20,7:30 AM,Punjab,-,-,223,32,1935
1985,16/05/20,7:30 AM,Rajasthan,-,-,2580,125,4534
1986,16/05/20,7:30 AM,Tamil Nadu,-,-,2240,66,9674
1987,16/05/20,7:30 AM,Telengana,-,-,950,34,1414
1988,16/05/20,7:30 AM,Tripura,-,-,29,0,156
1989,16/05/20,7:30 AM,Uttar Pradesh,-,-,2072,88,3902
1990,16/05/20,7:30 AM,Uttarakhand,-,-,50,1,78
1991,16/05/20,7:30 AM,West Bengal,-,-,768,215,2377
1992,17/05/20,7:30 AM,Andaman and Nicobar Islands,-,-,33,0,33
1993,17/05/20,7:30 AM,Andhra Pradesh,-,-,1353,49,2355
1994,17/05/20,7:30 AM,Arunachal Pradesh,-,-,1,0,1
1995,17/05/20,7:30 AM,Assam,-,-,41,2,92
1996,17/05/20,7:30 AM,Bihar,-,-,453,7,1179
1997,17/05/20,7:30 AM,Chandigarh,-,-,51,3,191
1998,17/05/20,7:30 AM,Chhattisgarh,-,-,56,0,67
1999,17/05/20,7:30 AM,Dadar Nagar Haveli,-,-,0,0,1
2000,17/05/20,7:30 AM,Delhi,-,-,3926,129,9333
2001,17/05/20,7:30 AM,Goa,-,-,7,0,17
2002,17/05/20,7:30 AM,Gujarat,-,-,4308,625,10988
2003,17/05/20,7:30 AM,Haryana,-,-,514,13,887
2004,17/05/20,7:30 AM,Himachal Pradesh,-,-,43,3,78
2005,17/05/20,7:30 AM,Jammu and Kashmir,-,-,542,12,1121
2006,17/05/20,7:30 AM,Jharkhand,-,-,113,3,217
2007,17/05/20,7:30 AM,Karnataka,-,-,496,36,1092
2008,17/05/20,7:30 AM,Kerala,-,-,495,4,587
2009,17/05/20,7:30 AM,Ladakh,-,-,22,0,43
2010,17/05/20,7:30 AM,Madhya Pradesh,-,-,2315,243,4789
2011,17/05/20,7:30 AM,Maharashtra,-,-,7088,1135,30706
2012,17/05/20,7:30 AM,Manipur,-,-,2,0,7
2013,17/05/20,7:30 AM,Meghalaya,-,-,11,1,13
2014,17/05/20,7:30 AM,Mizoram,-,-,1,0,1
2015,17/05/20,7:30 AM,Nagaland,-,-,0,0,0
2016,17/05/20,7:30 AM,Odisha,-,-,196,3,737
2017,17/05/20,7:30 AM,Puducherry,-,-,9,1,13
2018,17/05/20,7:30 AM,Punjab,-,-,1257,32,1946
2019,17/05/20,7:30 AM,Rajasthan,-,-,2839,126,4960
2020,17/05/20,7:30 AM,Tamil Nadu,-,-,3538,74,10585
2021,17/05/20,7:30 AM,Telengana,-,-,971,34,1509
2022,17/05/20,7:30 AM,Tripura,-,-,64,0,167
2023,17/05/20,7:30 AM,Unclassified,-,-,0,0,290
2024,17/05/20,7:30 AM,Uttar Pradesh,-,-,2441,104,4258
2025,17/05/20,7:30 AM,Uttarakhand,-,-,51,1,88
2026,17/05/20,7:30 AM,West Bengal,-,-,872,232,2576
2027,18/05/20,7:30 AM,Andaman and Nicobar Islands,-,-,33,0,33
2028,18/05/20,7:30 AM,Andhra Pradesh,-,-,1353,49,2355
2029,18/05/20,7:30 AM,Arunachal Pradesh,-,-,1,0,1
2030,18/05/20,7:30 AM,Assam,-,-,41,2,92
2031,18/05/20,7:30 AM,Bihar,-,-,453,7,1179
2032,18/05/20,7:30 AM,Chandigarh,-,-,51,3,191
2033,18/05/20,7:30 AM,Chhattisgarh,-,-,56,0,67
2034,18/05/20,7:30 AM,Dadar Nagar Haveli,-,-,0,0,1
2035,18/05/20,7:30 AM,Delhi,-,-,3926,129,9333
2036,18/05/20,7:30 AM,Goa,-,-,7,0,17
2037,18/05/20,7:30 AM,Gujarat,-,-,4308,625,10988
2038,18/05/20,7:30 AM,Haryana,-,-,514,13,887
2039,18/05/20,7:30 AM,Himachal Pradesh,-,-,43,3,78
2040,18/05/20,7:30 AM,Jammu and Kashmir,-,-,542,12,1121
2041,18/05/20,7:30 AM,Jharkhand,-,-,113,3,217
2042,18/05/20,7:30 AM,Karnataka,-,-,496,36,1092
2043,18/05/20,7:30 AM,Kerala,-,-,495,4,587
2044,18/05/20,7:30 AM,Ladakh,-,-,22,0,43
2045,18/05/20,7:30 AM,Madhya Pradesh,-,-,2315,243,4789
2046,18/05/20,7:30 AM,Maharashtra,-,-,7088,1135,30706
2047,18/05/20,7:30 AM,Manipur,-,-,2,0,7
2048,18/05/20,7:30 AM,Meghalaya,-,-,11,1,13
2049,18/05/20,7:30 AM,Mizoram,-,-,1,0,1
2050,18/05/20,7:30 AM,Nagaland,-,-,0,0,0
2051,18/05/20,7:30 AM,Odisha,-,-,196,3,737
2052,18/05/20,7:30 AM,Puducherry,-,-,9,1,13
2053,18/05/20,7:30 AM,Punjab,-,-,1257,32,1946
2054,18/05/20,7:30 AM,Rajasthan,-,-,2839,126,4960
2055,18/05/20,7:30 AM,Tamil Nadu,-,-,3538,74,10585
2056,18/05/20,7:30 AM,Telengana,-,-,971,34,1509
2057,18/05/20,7:30 AM,Tripura,-,-,64,0,167
2058,18/05/20,7:30 AM,Unclassified,-,-,0,0,290
2059,18/05/20,7:30 AM,Uttar Pradesh,-,-,2441,104,4258
2060,18/05/20,7:30 AM,Uttarakhand,-,-,51,1,88
2061,18/05/20,7:30 AM,West Bengal,-,-,872,232,2576
2062,19/05/20,7:30 AM,Andaman and Nicobar Islands,-,-,33,0,33
2063,19/05/20,7:30 AM,Andhra Pradesh,-,-,1552,50,2474
2064,19/05/20,7:30 AM,Arunachal Pradesh,-,-,1,0,1
2065,19/05/20,7:30 AM,Assam,-,-,41,2,107
2066,19/05/20,7:30 AM,Bihar,-,-,494,9,1391
2067,19/05/20,7:30 AM,Chandigarh,-,-,54,3,196
2068,19/05/20,7:30 AM,Chhattisgarh,-,-,59,0,93
2069,19/05/20,7:30 AM,Dadar Nagar Haveli,-,-,0,0,1
2070,19/05/20,7:30 AM,Delhi,-,-,4485,168,10054
2071,19/05/20,7:30 AM,Goa,-,-,7,0,38
2072,19/05/20,7:30 AM,Gujarat,-,-,4804,694,11745
2073,19/05/20,7:30 AM,Haryana,-,-,598,14,928
2074,19/05/20,7:30 AM,Himachal Pradesh,-,-,44,3,90
2075,19/05/20,7:30 AM,Jammu and Kashmir,-,-,609,15,1289
2076,19/05/20,7:30 AM,Jharkhand,-,-,113,3,223
2077,19/05/20,7:30 AM,Karnataka,-,-,530,37,1246
2078,19/05/20,7:30 AM,Kerala,-,-,497,4,630
2079,19/05/20,7:30 AM,Ladakh,-,-,41,0,43
2080,19/05/20,7:30 AM,Madhya Pradesh,-,-,2435,252,5236
2081,19/05/20,7:30 AM,Maharashtra,-,-,8437,1249,35058
2082,19/05/20,7:30 AM,Manipur,-,-,2,0,7
2083,19/05/20,7:30 AM,Meghalaya,-,-,11,1,13
2084,19/05/20,7:30 AM,Mizoram,-,-,1,0,1
2085,19/05/20,7:30 AM,Nagaland,-,-,0,0,0
2086,19/05/20,7:30 AM,Odisha,-,-,220,4,876
2087,19/05/20,7:30 AM,Puducherry,-,-,9,1,18
2088,19/05/20,7:30 AM,Punjab,-,-,1547,37,1980
2089,19/05/20,7:30 AM,Rajasthan,-,-,3218,138,5507
2090,19/05/20,7:30 AM,Tamil Nadu,-,-,4406,81,11760
2091,19/05/20,7:30 AM,Telengana,-,-,1000,35,1597
2092,19/05/20,7:30 AM,Tripura,-,-,85,0,167
2093,19/05/20,7:30 AM,Unclassified,-,-,0,0,814
2094,19/05/20,7:30 AM,Uttar Pradesh,-,-,2783,118,4605
2095,19/05/20,7:30 AM,Uttarakhand,-,-,52,1,93
2096,19/05/20,7:30 AM,West Bengal,-,-,1006,244,2825
2097,20/05/20,7:30 AM,Andaman and Nicobar Islands,-,-,33,0,33
2098,20/05/20,7:30 AM,Andhra Pradesh,-,-,1552,50,2474
2099,20/05/20,7:30 AM,Arunachal Pradesh,-,-,1,0,1
2100,20/05/20,7:30 AM,Assam,-,-,41,2,107
2101,20/05/20,7:30 AM,Bihar,-,-,494,9,1391
2102,20/05/20,7:30 AM,Chandigarh,-,-,54,3,196
2103,20/05/20,7:30 AM,Chhattisgarh,-,-,59,0,93
2104,20/05/20,7:30 AM,Dadar Nagar Haveli,-,-,0,0,1
2105,20/05/20,7:30 AM,Delhi,-,-,4485,168,10054
2106,20/05/20,7:30 AM,Goa,-,-,7,0,38
2107,20/05/20,7:30 AM,Gujarat,-,-,4804,694,11745
2108,20/05/20,7:30 AM,Haryana,-,-,598,14,928
2109,20/05/20,7:30 AM,Himachal Pradesh,-,-,44,3,90
2110,20/05/20,7:30 AM,Jammu and Kashmir,-,-,609,15,1289
2111,20/05/20,7:30 AM,Jharkhand,-,-,113,3,223
2112,20/05/20,7:30 AM,Karnataka,-,-,530,37,1246
2113,20/05/20,7:30 AM,Kerala,-,-,497,4,630
2114,20/05/20,7:30 AM,Ladakh,-,-,41,0,43
2115,20/05/20,7:30 AM,Madhya Pradesh,-,-,2435,252,5236
2116,20/05/20,7:30 AM,Maharashtra,-,-,8437,1249,35058
2117,20/05/20,7:30 AM,Manipur,-,-,2,0,7
2118,20/05/20,7:30 AM,Meghalaya,-,-,11,1,13
2119,20/05/20,7:30 AM,Mizoram,-,-,1,0,1
2120,20/05/20,7:30 AM,Nagaland,-,-,0,0,0
2121,20/05/20,7:30 AM,Odisha,-,-,220,4,876
2122,20/05/20,7:30 AM,Puducherry,-,-,9,1,18
2123,20/05/20,7:30 AM,Punjab,-,-,1547,37,1980
2124,20/05/20,7:30 AM,Rajasthan,-,-,3218,138,5507
2125,20/05/20,7:30 AM,Tamil Nadu,-,-,4406,81,11760
2126,20/05/20,7:30 AM,Telengana,-,-,1000,35,1597
2127,20/05/20,7:30 AM,Tripura,-,-,85,0,167
2128,20/05/20,7:30 AM,Unclassified,-,-,0,0,814
2129,20/05/20,7:30 AM,Uttar Pradesh,-,-,2783,118,4605
2130,20/05/20,7:30 AM,Uttarakhand,-,-,52,1,93
2131,20/05/20,7:30 AM,West Bengal,-,-,1006,244,2825
2132,21/05/20,7:30 AM,Andaman and Nicobar Islands,-,-,33,0,33
2133,21/05/20,7:30 AM,Andhra Pradesh,-,-,1640,53,2602
2134,21/05/20,7:30 AM,Arunachal Pradesh,-,-,1,0,1
2135,21/05/20,7:30 AM,Assam,-,-,48,4,170
2136,21/05/20,7:30 AM,Bihar,-,-,571,10,1674
2137,21/05/20,7:30 AM,Chandigarh,-,-,57,3,202
2138,21/05/20,7:30 AM,Chhattisgarh,-,-,59,0,115
2139,21/05/20,7:30 AM,Dadar Nagar Haveli,-,-,0,0,1
2140,21/05/20,7:30 AM,Delhi,-,-,5192,176,11088
2141,21/05/20,7:30 AM,Goa,-,-,7,0,50
2142,21/05/20,7:30 AM,Gujarat,-,-,5219,749,12537
2143,21/05/20,7:30 AM,Haryana,-,-,648,14,993
2144,21/05/20,7:30 AM,Himachal Pradesh,-,-,54,3,110
2145,21/05/20,7:30 AM,Jammu and Kashmir,-,-,678,18,1390
2146,21/05/20,7:30 AM,Jharkhand,-,-,127,3,231
2147,21/05/20,7:30 AM,Karnataka,-,-,556,41,1462
2148,21/05/20,7:30 AM,Kerala,-,-,502,4,666
2149,21/05/20,7:30 AM,Ladakh,-,-,43,0,44
2150,21/05/20,7:30 AM,Madhya Pradesh,-,-,2733,267,5735
2151,21/05/20,7:30 AM,Maharashtra,-,-,10318,1390,39297
2152,21/05/20,7:30 AM,Manipur,-,-,2,0,25
2153,21/05/20,7:30 AM,Meghalaya,-,-,12,1,14
2154,21/05/20,7:30 AM,Mizoram,-,-,1,0,1
2155,21/05/20,7:30 AM,Nagaland,-,-,0,0,0
2156,21/05/20,7:30 AM,Odisha,-,-,307,6,1052
2157,21/05/20,7:30 AM,Puducherry,-,-,9,0,18
2158,21/05/20,7:30 AM,Punjab,-,-,1794,38,2005
2159,21/05/20,7:30 AM,Rajasthan,-,-,3404,147,6015
2160,21/05/20,7:30 AM,Tamil Nadu,-,-,5882,87,13191
2161,21/05/20,7:30 AM,Telengana,-,-,1015,40,1661
2162,21/05/20,7:30 AM,Tripura,-,-,133,0,173
2163,21/05/20,7:30 AM,Unclassified,-,-,0,0,1403
2164,21/05/20,7:30 AM,Uttar Pradesh,-,-,3066,127,5175
2165,21/05/20,7:30 AM,Uttarakhand,-,-,53,1,122
2166,21/05/20,7:30 AM,West Bengal,-,-,1136,253,3103
2167,22/05/20,7:30 AM,Andaman and Nicobar Islands,-,-,33,0,33
2168,22/05/20,7:30 AM,Andhra Pradesh,-,-,1709,53,2647
2169,22/05/20,7:30 AM,Arunachal Pradesh,-,-,1,0,1
2170,22/05/20,7:30 AM,Assam,-,-,54,4,203
2171,22/05/20,7:30 AM,Bihar,-,-,593,11,1982
2172,22/05/20,7:30 AM,Chandigarh,-,-,139,3,217
2173,22/05/20,7:30 AM,Chhattisgarh,-,-,59,0,128
2174,22/05/20,7:30 AM,Dadar Nagar Haveli,-,-,0,0,1
2175,22/05/20,7:30 AM,Delhi,-,-,5567,194,11659
2176,22/05/20,7:30 AM,Goa,-,-,7,0,52
2177,22/05/20,7:30 AM,Gujarat,-,-,5488,773,12905
2178,22/05/20,7:30 AM,Haryana,-,-,681,15,1031
2179,22/05/20,7:30 AM,Himachal Pradesh,-,-,59,3,152
2180,22/05/20,7:30 AM,Jammu and Kashmir,-,-,684,20,1449
2181,22/05/20,7:30 AM,Jharkhand,-,-,129,3,290
2182,22/05/20,7:30 AM,Karnataka,-,-,571,41,1605
2183,22/05/20,7:30 AM,Kerala,-,-,510,4,690
2184,22/05/20,7:30 AM,Ladakh,-,-,43,0,44
2185,22/05/20,7:30 AM,Madhya Pradesh,-,-,2843,270,5981
2186,22/05/20,7:30 AM,Maharashtra,-,-,11726,1454,41642
2187,22/05/20,7:30 AM,Manipur,-,-,2,0,25
2188,22/05/20,7:30 AM,Meghalaya,-,-,12,1,14
2189,22/05/20,7:30 AM,Mizoram,-,-,1,0,1
2190,22/05/20,7:30 AM,Nagaland,-,-,0,0,0
2191,22/05/20,7:30 AM,Odisha,-,-,393,7,1103
2192,22/05/20,7:30 AM,Puducherry,-,-,10,0,20
2193,22/05/20,7:30 AM,Punjab,-,-,1819,39,2028
2194,22/05/20,7:30 AM,Rajasthan,-,-,3485,151,6227
2195,22/05/20,7:30 AM,Tamil Nadu,-,-,6282,94,13967
2196,22/05/20,7:30 AM,Telengana,-,-,1035,45,1699
2197,22/05/20,7:30 AM,Tripura,-,-,148,0,173
2198,22/05/20,7:30 AM,Unclassified,-,-,0,0,1620
2199,22/05/20,7:30 AM,Uttar Pradesh,-,-,3204,138,5515
2200,22/05/20,7:30 AM,Uttarakhand,-,-,54,1,146
2201,22/05/20,7:30 AM,West Bengal,-,-,1193,259,3197
